--
-- Script was generated by Devart dbForge Data Generator for SQL Server, Version 4.2.52.0
-- Product Home Page: http://www.devart.com/dbforge/sql/data-generator/
-- Script date 22.06.2019 23:25:16
-- Target server version: 14.00.1000
-- Target connection string: Data Source=SINGULARITY;Encrypt=False;Integrated Security=True;User ID=SINGULARITY\Карина
-- Please backup your target database before running this script
--



SET LANGUAGE 'Russian'
SET DATEFORMAT ymd
SET ARITHABORT, ANSI_PADDING, ANSI_WARNINGS, CONCAT_NULL_YIELDS_NULL, QUOTED_IDENTIFIER, ANSI_NULLS, NOCOUNT ON
SET NUMERIC_ROUNDABORT, IMPLICIT_TRANSACTIONS, XACT_ABORT OFF
GO

USE PaymentData
GO

IF DB_NAME() <> N'PaymentData' SET NOEXEC ON
GO

--
-- Disabling DML triggers for dbo.PaymentParticipant
--
DISABLE TRIGGER ALL ON dbo.PaymentParticipant
GO

--
-- Disabling DML triggers for dbo.Project
--
DISABLE TRIGGER ALL ON dbo.Project
GO

--
-- Disabling DML triggers for dbo.Payment
--
DISABLE TRIGGER ALL ON dbo.Payment
GO
--
-- Delete data from the table 'dbo.Supplier'
--
TRUNCATE TABLE dbo.Supplier
GO
--
-- Delete data from the table 'dbo.Payment'
--
TRUNCATE TABLE dbo.Payment
GO
--
-- Delete data from the table 'dbo.Cashbox'
--
TRUNCATE TABLE dbo.Cashbox
GO
--
-- Delete data from the table 'dbo.Bank'
--
TRUNCATE TABLE dbo.Bank
GO
--
-- Delete data from the table 'dbo.Project'
--
DELETE dbo.Project
GO
--
-- Delete data from the table 'dbo.Employee'
--
DELETE dbo.Employee
GO
--
-- Delete data from the table 'dbo.Client'
--
DELETE dbo.Client
GO
--
-- Delete data from the table 'dbo.PaymentParticipant'
--
DELETE dbo.PaymentParticipant
GO

--
-- Inserting data into table dbo.PaymentParticipant
--
INSERT dbo.PaymentParticipant(Oid, Balance, Name, OptimisticLockField, GCRecord, ObjectType, ActiveFrom, InactiveFrom, BankDetails, Balance2, Balance3) VALUES ('699acaa2-66da-563a-1702-ce5da15ac776', -254926217, N'Ayanna518', 4, NULL, 4, '1993-06-20 12:14:06.980', '2012-09-14 19:22:53.040', N'HJOX IT YO WW7', -1432851621, -463293378)
INSERT dbo.PaymentParticipant(Oid, Balance, Name, OptimisticLockField, GCRecord, ObjectType, ActiveFrom, InactiveFrom, BankDetails, Balance2, Balance3) VALUES ('2f1172a9-1b5d-6fc4-777e-3e3b283cabde', -31, N'Karima847', 0, NULL, 2, '1975-09-19 15:45:09.700', '2008-02-04 13:26:31.840', N'WQVL BW LI', -1030416957, -1501329100)
INSERT dbo.PaymentParticipant(Oid, Balance, Name, OptimisticLockField, GCRecord, ObjectType, ActiveFrom, InactiveFrom, BankDetails, Balance2, Balance3) VALUES ('2f8a5a0d-54fa-587b-5676-66508ad02725', -997859113, N'Santos2004', 0, NULL, 4, '1979-09-01 03:57:16.610', '2015-12-21 17:45:40.310', N'ALJA PA AK', -1794334035, 67)
INSERT dbo.PaymentParticipant(Oid, Balance, Name, OptimisticLockField, GCRecord, ObjectType, ActiveFrom, InactiveFrom, BankDetails, Balance2, Balance3) VALUES ('6f0fc907-5bf7-6e28-ef96-94965a4eaa62', 460, N'Erwin1951', 7, NULL, 4, '1974-10-22 03:09:01.020', NULL, NULL, NULL, -940489305)
INSERT dbo.PaymentParticipant(Oid, Balance, Name, OptimisticLockField, GCRecord, ObjectType, ActiveFrom, InactiveFrom, BankDetails, Balance2, Balance3) VALUES ('5984fdaa-1e0e-68c7-3e2b-e89ea5388e0b', 9312, N'Lekisha247', 0, NULL, 4, '1973-12-25 17:26:12.070', '1997-09-27 04:36:18.660', N'GXML IL F0 4NU', -1925050876, -1163814149)
INSERT dbo.PaymentParticipant(Oid, Balance, Name, OptimisticLockField, GCRecord, ObjectType, ActiveFrom, InactiveFrom, BankDetails, Balance2, Balance3) VALUES ('7e919581-5fd4-1caf-5776-66508ad02725', -1906251446, N'Miguel82', 6, NULL, 3, '1985-06-19 00:59:29.460', '2009-11-22 06:54:53.940', N'NYQU AF 71 3ST', -997713899, -865590283)
INSERT dbo.PaymentParticipant(Oid, Balance, Name, OptimisticLockField, GCRecord, ObjectType, ActiveFrom, InactiveFrom, BankDetails, Balance2, Balance3) VALUES ('5ebb6116-1627-3f70-0602-eefebbd653b8', 87, N'Talbott2017', 5, NULL, 3, '1996-07-25 15:20:09.780', '1995-12-03 21:52:13.150', N'KTCE BD A5', -1765423586, -8)
INSERT dbo.PaymentParticipant(Oid, Balance, Name, OptimisticLockField, GCRecord, ObjectType, ActiveFrom, InactiveFrom, BankDetails, Balance2, Balance3) VALUES ('3a6dba26-6960-6953-d74b-16e575b61049', 3851, N'Neal434', 4, NULL, 5, '1987-09-20 09:32:38.280', '1997-09-13 07:02:45.230', N'MRLQ ZA 45 RQ1', -1157183679, -1541817106)
INSERT dbo.PaymentParticipant(Oid, Balance, Name, OptimisticLockField, GCRecord, ObjectType, ActiveFrom, InactiveFrom, BankDetails, Balance2, Balance3) VALUES ('751604f5-1e51-6d47-3f2b-e89ea5388e0b', -883264385, N'Darrin7', 7, NULL, 4, '1987-02-05 11:09:31.400', '2007-08-15 06:19:49.320', N'EVXY EE 0B', 79, -2036831691)
INSERT dbo.PaymentParticipant(Oid, Balance, Name, OptimisticLockField, GCRecord, ObjectType, ActiveFrom, InactiveFrom, BankDetails, Balance2, Balance3) VALUES ('5f0a8444-3de1-3f02-eeb6-6f4dd73eba9e', -583307337, N'Christal1', 3, NULL, 3, '1991-08-03 21:29:12.780', '2000-09-14 16:32:04.630', N'VXCU BE Z4', 87, -361358126)
INSERT dbo.PaymentParticipant(Oid, Balance, Name, OptimisticLockField, GCRecord, ObjectType, ActiveFrom, InactiveFrom, BankDetails, Balance2, Balance3) VALUES ('4abdf3c0-7507-7423-304d-4c0f86f26090', 5348, N'Austin1959', 0, NULL, 4, '1992-01-24 00:28:42.090', '2014-11-10 03:00:09.310', N'EDWW MY 94 KEA', -1377813044, -1764359293)
INSERT dbo.PaymentParticipant(Oid, Balance, Name, OptimisticLockField, GCRecord, ObjectType, ActiveFrom, InactiveFrom, BankDetails, Balance2, Balance3) VALUES ('228bfc03-38db-4741-f096-94965a4eaa62', -780117874, N'Devon82', 1, NULL, 3, '1997-07-24 09:50:00.540', '2011-12-04 17:19:17.890', N'JJNQ PH 49', -98, 9)
INSERT dbo.PaymentParticipant(Oid, Balance, Name, OptimisticLockField, GCRecord, ObjectType, ActiveFrom, InactiveFrom, BankDetails, Balance2, Balance3) VALUES ('26c1e1f8-3a26-53fe-5876-66508ad02725', 7742, N'Vannesa1999', 2, NULL, 2, '1979-06-15 15:19:44.110', '2009-07-15 18:59:52.120', N'MJOC CA 29 66T', -8177, -298)
INSERT dbo.PaymentParticipant(Oid, Balance, Name, OptimisticLockField, GCRecord, ObjectType, ActiveFrom, InactiveFrom, BankDetails, Balance2, Balance3) VALUES ('49bdab11-1115-7150-d84b-16e575b61049', -395294466, N'Roger1983', 3, NULL, 4, '1993-08-25 18:18:17.010', '1998-06-06 22:41:26.120', N'KVSW QA 98', 0, -1309034076)
INSERT dbo.PaymentParticipant(Oid, Balance, Name, OptimisticLockField, GCRecord, ObjectType, ActiveFrom, InactiveFrom, BankDetails, Balance2, Balance3) VALUES ('397bc919-4888-5ab2-402b-e89ea5388e0b', 710, N'Addie5', 6, NULL, 1, '1988-03-28 17:57:12.160', '2014-02-02 03:20:41.080', N'KZRL JO 4R 661', -1120600405, -1406400249)
INSERT dbo.PaymentParticipant(Oid, Balance, Name, OptimisticLockField, GCRecord, ObjectType, ActiveFrom, InactiveFrom, BankDetails, Balance2, Balance3) VALUES ('24fee4c1-709c-79d6-1802-ce5da15ac776', -1682896328, N'Milan2022', 1, NULL, 5, '2002-10-29 07:59:38.330', '2012-11-11 05:39:03.500', N'JAJK AT T2', -231, -1937522438)
INSERT dbo.PaymentParticipant(Oid, Balance, Name, OptimisticLockField, GCRecord, ObjectType, ActiveFrom, InactiveFrom, BankDetails, Balance2, Balance3) VALUES ('244bd1b5-7428-4b87-0702-eefebbd653b8', -837065396, N'Abernathy1950', 4, NULL, 4, '2000-08-16 01:26:58.600', '2007-09-06 19:28:28.460', N'NEWO TN 2M 441', -269, -788164678)
INSERT dbo.PaymentParticipant(Oid, Balance, Name, OptimisticLockField, GCRecord, ObjectType, ActiveFrom, InactiveFrom, BankDetails, Balance2, Balance3) VALUES ('6c4c1f9b-1644-2620-5976-66508ad02725', -2064525449, N'Rosalyn98', 9, NULL, 1, '1998-10-21 05:51:48.480', '2004-04-04 17:43:14.710', N'OQWE BH 2D', -1487623419, -1806017762)
INSERT dbo.PaymentParticipant(Oid, Balance, Name, OptimisticLockField, GCRecord, ObjectType, ActiveFrom, InactiveFrom, BankDetails, Balance2, Balance3) VALUES ('481c748b-2a85-2a28-efb6-6f4dd73eba9e', -1957096286, N'Kurt2016', 7, NULL, 3, '2005-01-29 13:59:29.710', '2018-08-15 17:06:58.070', N'UIMP MU 94 XLD', -1728225444, 61)
INSERT dbo.PaymentParticipant(Oid, Balance, Name, OptimisticLockField, GCRecord, ObjectType, ActiveFrom, InactiveFrom, BankDetails, Balance2, Balance3) VALUES ('1e3453a2-3ef5-5f70-8dc9-bcec0cd444f8', 9, N'Herb83', 10, NULL, 1, '2008-08-03 06:47:44.020', NULL, NULL, NULL, -1214754137)
INSERT dbo.PaymentParticipant(Oid, Balance, Name, OptimisticLockField, GCRecord, ObjectType, ActiveFrom, InactiveFrom, BankDetails, Balance2, Balance3) VALUES ('499200b3-46a5-60a7-f196-94965a4eaa62', -1883059763, N'Anthony31', 5, NULL, NULL, '1993-01-25 08:04:46.730', '2013-10-17 02:36:35.820', N'XSSU MA GY XN0', -560, NULL)
INSERT dbo.PaymentParticipant(Oid, Balance, Name, OptimisticLockField, GCRecord, ObjectType, ActiveFrom, InactiveFrom, BankDetails, Balance2, Balance3) VALUES ('14735d5d-67ff-5dad-412b-e89ea5388e0b', -919675575, N'Adam933', 5, NULL, 3, '2010-09-29 09:28:56.730', '1995-10-10 01:24:55.820', N'UWZI NZ 4Y TQU', -499394584, -713630034)
INSERT dbo.PaymentParticipant(Oid, Balance, Name, OptimisticLockField, GCRecord, ObjectType, ActiveFrom, InactiveFrom, BankDetails, Balance2, Balance3) VALUES ('1b3166b4-1301-5956-5a76-66508ad02725', -36, N'Abby9', 6, NULL, 1, '1987-10-20 23:58:32.060', '2011-06-21 19:02:40.050', N'IOLB VN 39 K44', -68, -261)
INSERT dbo.PaymentParticipant(Oid, Balance, Name, OptimisticLockField, GCRecord, ObjectType, ActiveFrom, InactiveFrom, BankDetails, Balance2, Balance3) VALUES ('5aa02579-73ed-23cd-314d-4c0f86f26090', -568575712, N'Ada2015', 8, NULL, 5, '2006-10-02 12:58:59.450', '2000-07-13 02:30:09.540', N'NQKK ID K5 DIE', 33, -290433946)
INSERT dbo.PaymentParticipant(Oid, Balance, Name, OptimisticLockField, GCRecord, ObjectType, ActiveFrom, InactiveFrom, BankDetails, Balance2, Balance3) VALUES ('3f22df3a-3b15-3b5a-787e-3e3b283cabde', -719083019, N'Champion1', 5, NULL, NULL, '2011-02-17 00:52:53.110', '2011-02-21 02:39:31.310', N'UOOG MR 44 SX7', -838133017, NULL)
INSERT dbo.PaymentParticipant(Oid, Balance, Name, OptimisticLockField, GCRecord, ObjectType, ActiveFrom, InactiveFrom, BankDetails, Balance2, Balance3) VALUES ('669afd3f-720a-6e34-1902-ce5da15ac776', NULL, NULL, NULL, NULL, 3, NULL, '2001-08-20 12:02:28.390', N'IWVB AL J9 MGL', -2024878791, -282393077)
INSERT dbo.PaymentParticipant(Oid, Balance, Name, OptimisticLockField, GCRecord, ObjectType, ActiveFrom, InactiveFrom, BankDetails, Balance2, Balance3) VALUES ('5f00c41b-39dc-51ee-0802-eefebbd653b8', -2005, N'Doretha2011', 0, NULL, 4, '1991-09-24 16:54:12.020', '2017-11-19 09:10:30.690', N'XNQF MN VT', -2089407047, -52579373)
INSERT dbo.PaymentParticipant(Oid, Balance, Name, OptimisticLockField, GCRecord, ObjectType, ActiveFrom, InactiveFrom, BankDetails, Balance2, Balance3) VALUES ('336d8f99-255d-646e-f0b6-6f4dd73eba9e', NULL, NULL, NULL, NULL, 1, NULL, '2008-02-25 19:08:17.140', N'WEME MT 5W', -371, -1047813450)
INSERT dbo.PaymentParticipant(Oid, Balance, Name, OptimisticLockField, GCRecord, ObjectType, ActiveFrom, InactiveFrom, BankDetails, Balance2, Balance3) VALUES ('66a18612-296a-25b0-d94b-16e575b61049', -1246720837, N'Marlena133', 6, NULL, 3, '2005-08-16 18:21:12.920', '1993-09-02 00:22:37.990', N'XQDN NP N4', -1960726208, -44349581)
INSERT dbo.PaymentParticipant(Oid, Balance, Name, OptimisticLockField, GCRecord, ObjectType, ActiveFrom, InactiveFrom, BankDetails, Balance2, Balance3) VALUES ('7a311573-456f-56e3-0902-eefebbd653b8', -7, N'Nutt2014', 9, NULL, 1, '1998-01-23 17:00:07.520', '2003-01-09 06:39:21.050', N'JGLB BE 2C', -164353808, -1614371650)
INSERT dbo.PaymentParticipant(Oid, Balance, Name, OptimisticLockField, GCRecord, ObjectType, ActiveFrom, InactiveFrom, BankDetails, Balance2, Balance3) VALUES ('1a361dba-2edd-6ebd-324d-4c0f86f26090', -2018875483, N'Applegate5', 4, NULL, 4, '2013-11-15 10:34:50.030', '2009-11-24 22:09:18.860', N'FZQK BG O8', 7, -404426929)
INSERT dbo.PaymentParticipant(Oid, Balance, Name, OptimisticLockField, GCRecord, ObjectType, ActiveFrom, InactiveFrom, BankDetails, Balance2, Balance3) VALUES ('36ce1756-1d21-7373-f1b6-6f4dd73eba9e', -1437852687, N'Arnulfo722', 4, NULL, 1, '1983-08-31 08:58:27.210', '2004-01-17 00:59:45.540', N'KNOA TH 93', 751, -478389713)
INSERT dbo.PaymentParticipant(Oid, Balance, Name, OptimisticLockField, GCRecord, ObjectType, ActiveFrom, InactiveFrom, BankDetails, Balance2, Balance3) VALUES ('284445b2-65be-4f66-422b-e89ea5388e0b', -1833416339, N'Alford1987', 7, NULL, 5, '1986-12-22 03:58:14.910', '2014-07-28 13:40:38.980', N'WRIR IT 83 IQ7', -890363848, -337335572)
INSERT dbo.PaymentParticipant(Oid, Balance, Name, OptimisticLockField, GCRecord, ObjectType, ActiveFrom, InactiveFrom, BankDetails, Balance2, Balance3) VALUES ('4f7021f5-7800-11be-0a02-eefebbd653b8', -779472370, N'Sharilyn1961', 10, NULL, 2, '2013-11-05 17:52:00.740', '2018-08-10 23:26:24.530', N'IDKM FJ 30', -53701857, -3329)
INSERT dbo.PaymentParticipant(Oid, Balance, Name, OptimisticLockField, GCRecord, ObjectType, ActiveFrom, InactiveFrom, BankDetails, Balance2, Balance3) VALUES ('43624c49-472d-4810-f296-94965a4eaa62', -92204209, N'Maurice1993', 10, NULL, 5, '2001-04-09 13:28:57.860', '2005-03-18 05:03:36.560', N'BZZJ NA GH 1NB', -1769301196, -585691371)
INSERT dbo.PaymentParticipant(Oid, Balance, Name, OptimisticLockField, GCRecord, ObjectType, ActiveFrom, InactiveFrom, BankDetails, Balance2, Balance3) VALUES ('36460dcf-323b-1391-8ec9-bcec0cd444f8', -1989361277, N'Rolando1997', 8, NULL, 5, '1985-01-04 05:40:11.530', '1999-06-23 11:50:16.900', N'HEIE RO I8 950', -1052188259, -643386522)
INSERT dbo.PaymentParticipant(Oid, Balance, Name, OptimisticLockField, GCRecord, ObjectType, ActiveFrom, InactiveFrom, BankDetails, Balance2, Balance3) VALUES ('69619ef2-1249-20fa-797e-3e3b283cabde', -911597340, N'Gallegos6', 3, NULL, 2, '1988-12-14 03:22:18.270', '1993-12-10 01:46:47.810', N'EPLA BE 65 3TP', -326886560, -1713443516)
INSERT dbo.PaymentParticipant(Oid, Balance, Name, OptimisticLockField, GCRecord, ObjectType, ActiveFrom, InactiveFrom, BankDetails, Balance2, Balance3) VALUES ('61e25755-3de1-1adf-8fc9-bcec0cd444f8', -5701, N'Newton671', 1, NULL, NULL, '1988-01-12 18:28:16.990', '2014-04-26 08:46:10.490', N'QSAG BH 45', -335207885, NULL)
INSERT dbo.PaymentParticipant(Oid, Balance, Name, OptimisticLockField, GCRecord, ObjectType, ActiveFrom, InactiveFrom, BankDetails, Balance2, Balance3) VALUES ('1259a17c-69e8-7a1c-da4b-16e575b61049', -1239403114, N'Tyrone4', 4, NULL, 4, '2008-05-24 03:25:13.720', '2005-11-03 17:58:18.160', N'YCWN BG A8 XRR', -807249409, -1277036079)
INSERT dbo.PaymentParticipant(Oid, Balance, Name, OptimisticLockField, GCRecord, ObjectType, ActiveFrom, InactiveFrom, BankDetails, Balance2, Balance3) VALUES ('7959e1dd-2e0b-4306-7a7e-3e3b283cabde', -1345648479, N'Tim2022', 8, NULL, 2, '1970-11-19 02:22:36.770', '2006-12-22 11:55:24.300', N'DELU BR WW', -674764348, -137745753)
INSERT dbo.PaymentParticipant(Oid, Balance, Name, OptimisticLockField, GCRecord, ObjectType, ActiveFrom, InactiveFrom, BankDetails, Balance2, Balance3) VALUES ('36a4260a-7f6c-2ec6-f2b6-6f4dd73eba9e', 8, N'Darrel2008', 9, NULL, 5, '2010-08-21 09:43:55.350', NULL, NULL, NULL, -1806418232)
INSERT dbo.PaymentParticipant(Oid, Balance, Name, OptimisticLockField, GCRecord, ObjectType, ActiveFrom, InactiveFrom, BankDetails, Balance2, Balance3) VALUES ('5e306560-6b07-2cdf-5b76-66508ad02725', -1238043340, N'Brandon2013', 1, NULL, 5, '1979-05-18 12:58:58.040', '1999-03-02 09:34:16.770', N'HMZC RO 89 I87', -497018496, -363070903)
INSERT dbo.PaymentParticipant(Oid, Balance, Name, OptimisticLockField, GCRecord, ObjectType, ActiveFrom, InactiveFrom, BankDetails, Balance2, Balance3) VALUES ('1a591774-4565-7236-90c9-bcec0cd444f8', -5, N'Krieger2011', 10, NULL, 3, '1974-10-06 13:19:34.490', '1991-09-12 17:44:23.680', N'ECQQ AT 46', -534726462, -2120990603)
INSERT dbo.PaymentParticipant(Oid, Balance, Name, OptimisticLockField, GCRecord, ObjectType, ActiveFrom, InactiveFrom, BankDetails, Balance2, Balance3) VALUES ('66b0e9ee-53c2-4a98-432b-e89ea5388e0b', -59129593, N'Tanisha588', 4, NULL, 3, '2002-01-18 09:18:50.540', '1991-01-19 12:31:21.050', N'FMRV BZ 2D 8C7', -1089280074, -444359426)
INSERT dbo.PaymentParticipant(Oid, Balance, Name, OptimisticLockField, GCRecord, ObjectType, ActiveFrom, InactiveFrom, BankDetails, Balance2, Balance3) VALUES ('51d8cc33-7be1-161f-f396-94965a4eaa62', -1804208909, N'Mel268', 2, NULL, 4, '2001-12-11 07:23:39.320', '1990-01-05 06:48:51.910', N'SBWZ AU OS', 6532, 7)
INSERT dbo.PaymentParticipant(Oid, Balance, Name, OptimisticLockField, GCRecord, ObjectType, ActiveFrom, InactiveFrom, BankDetails, Balance2, Balance3) VALUES ('1257615f-5ea8-6cd9-0b02-eefebbd653b8', NULL, NULL, NULL, NULL, NULL, NULL, '2017-10-18 13:11:28.250', N'XKQZ PK 6R UW7', 1, NULL)
INSERT dbo.PaymentParticipant(Oid, Balance, Name, OptimisticLockField, GCRecord, ObjectType, ActiveFrom, InactiveFrom, BankDetails, Balance2, Balance3) VALUES ('37e456ed-14a3-6717-f3b6-6f4dd73eba9e', -751, N'Albert253', 8, NULL, 4, '2009-09-15 10:36:17.580', '2009-05-11 09:19:23.620', N'WQNT KW X9', -102410662, -2054508932)
INSERT dbo.PaymentParticipant(Oid, Balance, Name, OptimisticLockField, GCRecord, ObjectType, ActiveFrom, InactiveFrom, BankDetails, Balance2, Balance3) VALUES ('202cad24-4598-16cf-1a02-ce5da15ac776', -898, N'Dominguez527', 1, NULL, 5, '1983-05-24 12:59:36.910', NULL, NULL, NULL, -913965177)
INSERT dbo.PaymentParticipant(Oid, Balance, Name, OptimisticLockField, GCRecord, ObjectType, ActiveFrom, InactiveFrom, BankDetails, Balance2, Balance3) VALUES ('58fc185f-1925-3117-334d-4c0f86f26090', NULL, NULL, NULL, NULL, NULL, NULL, '1996-07-28 08:54:04.050', N'GHXU SL 80 07B', -1640056529, NULL)
INSERT dbo.PaymentParticipant(Oid, Balance, Name, OptimisticLockField, GCRecord, ObjectType, ActiveFrom, InactiveFrom, BankDetails, Balance2, Balance3) VALUES ('2dc6dc0b-307b-3bde-5c76-66508ad02725', NULL, NULL, NULL, NULL, 2, NULL, NULL, NULL, NULL, -164238798)
GO

--
-- Inserting data into table dbo.Client
--
INSERT dbo.Client(Oid, FirstName, SecondName, Phone) VALUES ('2dc6dc0b-307b-3bde-5c76-66508ad02725', N'Elwood', N'Coleman', N'(877) 128-5657')
INSERT dbo.Client(Oid, FirstName, SecondName, Phone) VALUES ('66b0e9ee-53c2-4a98-432b-e89ea5388e0b', NULL, N'Fife', NULL)
INSERT dbo.Client(Oid, FirstName, SecondName, Phone) VALUES ('7e919581-5fd4-1caf-5776-66508ad02725', N'Lindsey', N'Severson', N'(615) 958-2687')
INSERT dbo.Client(Oid, FirstName, SecondName, Phone) VALUES ('699acaa2-66da-563a-1702-ce5da15ac776', N'Deedra', N'Turney', N'(904) 187-6158')
INSERT dbo.Client(Oid, FirstName, SecondName, Phone) VALUES ('1259a17c-69e8-7a1c-da4b-16e575b61049', N'Rayford', N'Mattox', N'(389) 664-8463')
INSERT dbo.Client(Oid, FirstName, SecondName, Phone) VALUES ('4f7021f5-7800-11be-0a02-eefebbd653b8', N'Sonny', N'Seward', N'(224) 768-0727')
INSERT dbo.Client(Oid, FirstName, SecondName, Phone) VALUES ('36ce1756-1d21-7373-f1b6-6f4dd73eba9e', N'Hope', N'Turpin', N'(434) 643-2196')
INSERT dbo.Client(Oid, FirstName, SecondName, Phone) VALUES ('37e456ed-14a3-6717-f3b6-6f4dd73eba9e', N'Chandra', N'Kelsey', N'(339) 239-5458')
INSERT dbo.Client(Oid, FirstName, SecondName, Phone) VALUES ('5ebb6116-1627-3f70-0602-eefebbd653b8', N'Charolette', N'Mattson', N'(402) 533-4967')
INSERT dbo.Client(Oid, FirstName, SecondName, Phone) VALUES ('49bdab11-1115-7150-d84b-16e575b61049', N'Kim', N'Overby', N'(326) 891-3864')
INSERT dbo.Client(Oid, FirstName, SecondName, Phone) VALUES ('51d8cc33-7be1-161f-f396-94965a4eaa62', N'Randolph', N'Rushing', N'(685) 825-8109')
INSERT dbo.Client(Oid, FirstName, SecondName, Phone) VALUES ('7959e1dd-2e0b-4306-7a7e-3e3b283cabde', N'Jonah', N'Cosgrove', N'(791) 539-4168')
INSERT dbo.Client(Oid, FirstName, SecondName, Phone) VALUES ('202cad24-4598-16cf-1a02-ce5da15ac776', N'Adah', N'Bohn', N'(266) 681-8929')
INSERT dbo.Client(Oid, FirstName, SecondName, Phone) VALUES ('5f00c41b-39dc-51ee-0802-eefebbd653b8', N'Bernard', N'Kelso', N'(892) 490-6962')
INSERT dbo.Client(Oid, FirstName, SecondName, Phone) VALUES ('1257615f-5ea8-6cd9-0b02-eefebbd653b8', N'Antonia', N'Mauldin', N'(883) 613-5067')
INSERT dbo.Client(Oid, FirstName, SecondName, Phone) VALUES ('43624c49-472d-4810-f296-94965a4eaa62', N'Jean', N'Overstreet', N'(284) 669-3516')
INSERT dbo.Client(Oid, FirstName, SecondName, Phone) VALUES ('2f1172a9-1b5d-6fc4-777e-3e3b283cabde', NULL, N'Russ', NULL)
INSERT dbo.Client(Oid, FirstName, SecondName, Phone) VALUES ('36a4260a-7f6c-2ec6-f2b6-6f4dd73eba9e', N'Vincenzo', N'Coles', N'(596) 640-1634')
INSERT dbo.Client(Oid, FirstName, SecondName, Phone) VALUES ('1e3453a2-3ef5-5f70-8dc9-bcec0cd444f8', N'Isaac', N'Sewell', N'(229) 509-0022')
INSERT dbo.Client(Oid, FirstName, SecondName, Phone) VALUES ('36460dcf-323b-1391-8ec9-bcec0cd444f8', N'Terry', N'Tuttle', N'(905) 230-0670')
INSERT dbo.Client(Oid, FirstName, SecondName, Phone) VALUES ('3a6dba26-6960-6953-d74b-16e575b61049', NULL, N'Sexton', NULL)
INSERT dbo.Client(Oid, FirstName, SecondName, Phone) VALUES ('284445b2-65be-4f66-422b-e89ea5388e0b', N'Gerry', N'Tyler', N'(726) 780-7028')
INSERT dbo.Client(Oid, FirstName, SecondName, Phone) VALUES ('2f8a5a0d-54fa-587b-5676-66508ad02725', N'Bernardina', N'Boisvert', N'(323) 129-1050')
INSERT dbo.Client(Oid, FirstName, SecondName, Phone) VALUES ('751604f5-1e51-6d47-3f2b-e89ea5388e0b', N'Kent', N'Kemp', N'(709) 214-4070')
INSERT dbo.Client(Oid, FirstName, SecondName, Phone) VALUES ('6f0fc907-5bf7-6e28-ef96-94965a4eaa62', N'Adolph', N'Maupin', N'(906) 068-8306')
INSERT dbo.Client(Oid, FirstName, SecondName, Phone) VALUES ('58fc185f-1925-3117-334d-4c0f86f26090', N'Leif', N'Coley', N'(190) 627-1641')
INSERT dbo.Client(Oid, FirstName, SecondName, Phone) VALUES ('397bc919-4888-5ab2-402b-e89ea5388e0b', N'Adan', N'Kemper', N'(175) 057-8554')
INSERT dbo.Client(Oid, FirstName, SecondName, Phone) VALUES ('5f0a8444-3de1-3f02-eeb6-6f4dd73eba9e', N'Kathey', N'Overton', N'(889) 518-4429')
INSERT dbo.Client(Oid, FirstName, SecondName, Phone) VALUES ('336d8f99-255d-646e-f0b6-6f4dd73eba9e', N'Felisa', N'Figueroa', N'(173) 393-4530')
INSERT dbo.Client(Oid, FirstName, SecondName, Phone) VALUES ('1b3166b4-1301-5956-5a76-66508ad02725', N'Rachele', N'Costa', N'(642) 688-5246')
INSERT dbo.Client(Oid, FirstName, SecondName, Phone) VALUES ('5e306560-6b07-2cdf-5b76-66508ad02725', N'Adaline', N'Seymore', N'(531) 501-8295')
INSERT dbo.Client(Oid, FirstName, SecondName, Phone) VALUES ('69619ef2-1249-20fa-797e-3e3b283cabde', N'Maynard', N'Russell', N'(547) 074-8716')
INSERT dbo.Client(Oid, FirstName, SecondName, Phone) VALUES ('5984fdaa-1e0e-68c7-3e2b-e89ea5388e0b', N'Dwain', N'Owen', N'(559) 287-6791')
INSERT dbo.Client(Oid, FirstName, SecondName, Phone) VALUES ('4abdf3c0-7507-7423-304d-4c0f86f26090', N'Karine', N'Boland', N'(831) 860-1449')
INSERT dbo.Client(Oid, FirstName, SecondName, Phone) VALUES ('499200b3-46a5-60a7-f196-94965a4eaa62', N'Cordell', N'Tyner', N'(117) 729-0477')
INSERT dbo.Client(Oid, FirstName, SecondName, Phone) VALUES ('1a591774-4565-7236-90c9-bcec0cd444f8', N'Chana', N'Finch', N'(159) 534-8146')
INSERT dbo.Client(Oid, FirstName, SecondName, Phone) VALUES ('66a18612-296a-25b0-d94b-16e575b61049', N'Kelsi', N'Seymour', N'(512) 822-2246')
INSERT dbo.Client(Oid, FirstName, SecondName, Phone) VALUES ('24fee4c1-709c-79d6-1802-ce5da15ac776', N'Lester', N'Costello', N'(723) 868-2413')
INSERT dbo.Client(Oid, FirstName, SecondName, Phone) VALUES ('5aa02579-73ed-23cd-314d-4c0f86f26090', N'Adria', N'Collado', N'(106) 109-6937')
INSERT dbo.Client(Oid, FirstName, SecondName, Phone) VALUES ('14735d5d-67ff-5dad-412b-e89ea5388e0b', N'David', N'Tyree', N'(843) 443-5571')
INSERT dbo.Client(Oid, FirstName, SecondName, Phone) VALUES ('7a311573-456f-56e3-0902-eefebbd653b8', N'Ferne', N'Russo', N'(286) 642-2495')
INSERT dbo.Client(Oid, FirstName, SecondName, Phone) VALUES ('3f22df3a-3b15-3b5a-787e-3e3b283cabde', N'Kent', N'Maurer', N'(464) 427-2112')
INSERT dbo.Client(Oid, FirstName, SecondName, Phone) VALUES ('61e25755-3de1-1adf-8fc9-bcec0cd444f8', N'Kizzy', N'Kendall', N'(682) 404-3526')
INSERT dbo.Client(Oid, FirstName, SecondName, Phone) VALUES ('1a361dba-2edd-6ebd-324d-4c0f86f26090', N'Alanna', N'Mauro', N'(155) 159-0140')
INSERT dbo.Client(Oid, FirstName, SecondName, Phone) VALUES ('244bd1b5-7428-4b87-0702-eefebbd653b8', N'Reatha', N'Owens', N'(248) 158-1877')
INSERT dbo.Client(Oid, FirstName, SecondName, Phone) VALUES ('669afd3f-720a-6e34-1902-ce5da15ac776', N'Theron', N'Rust', N'(648) 376-0672')
INSERT dbo.Client(Oid, FirstName, SecondName, Phone) VALUES ('228bfc03-38db-4741-f096-94965a4eaa62', N'Jodee', N'Shackelford', N'(890) 191-4526')
INSERT dbo.Client(Oid, FirstName, SecondName, Phone) VALUES ('6c4c1f9b-1644-2620-5976-66508ad02725', N'Raven', N'Fincher', N'(103) 512-5221')
INSERT dbo.Client(Oid, FirstName, SecondName, Phone) VALUES ('26c1e1f8-3a26-53fe-5876-66508ad02725', NULL, N'Tyson', NULL)
INSERT dbo.Client(Oid, FirstName, SecondName, Phone) VALUES ('481c748b-2a85-2a28-efb6-6f4dd73eba9e', NULL, N'Bolden', NULL)
GO

--
-- Inserting data into table dbo.Employee
--
INSERT dbo.Employee(Oid, BusyUntil, SecondName, Stuff, HourPrice, Patronymic, PlanfixId, Head, PlanfixMoneyRequestTask) VALUES ('43624c49-472d-4810-f296-94965a4eaa62', '2018-11-27 13:10:08.630', N'Sousa', 77490, 1999, N'O', 1, NULL, N'Therefore, the concept of the consequential risks can be treated as the only solution the market tendencies.Everyone understands what it takes to complete failure of the supposed theory the irrelevance of program.')
INSERT dbo.Employee(Oid, BusyUntil, SecondName, Stuff, HourPrice, Patronymic, PlanfixId, Head, PlanfixMoneyRequestTask) VALUES ('2dc6dc0b-307b-3bde-5c76-66508ad02725', '2001-08-04 11:29:55.740', N'Welker', 76025, 1903, N'Clifton', 2, NULL, N'The majority of examinations of the useful impacts show that the lack of knowledge of the efficiency of the direct access to key resources should focus on the final draft or the application interface.  ')
INSERT dbo.Employee(Oid, BusyUntil, SecondName, Stuff, HourPrice, Patronymic, PlanfixId, Head, PlanfixMoneyRequestTask) VALUES ('1257615f-5ea8-6cd9-0b02-eefebbd653b8', '2012-09-23 01:10:29.010', N'Douglass', 4122, 115, N'Z', 3, NULL, NULL)
INSERT dbo.Employee(Oid, BusyUntil, SecondName, Stuff, HourPrice, Patronymic, PlanfixId, Head, PlanfixMoneyRequestTask) VALUES ('14735d5d-67ff-5dad-412b-e89ea5388e0b', NULL, N'Pittman', NULL, NULL, NULL, 4, NULL, N'In respect of after the completion of the corporate asset growth provides benefit from the corporate asset growth.In any case, we can heavily change the mechanism of the performance gaps.This could absolutely be a result of a productivity boost.')
INSERT dbo.Employee(Oid, BusyUntil, SecondName, Stuff, HourPrice, Patronymic, PlanfixId, Head, PlanfixMoneyRequestTask) VALUES ('5984fdaa-1e0e-68c7-3e2b-e89ea5388e0b', '2014-06-19 17:01:54.330', N'Godwin', 67, 756, N'Kim', 5, NULL, N'The the total volume of the preliminary network design gives less satisfactory results. At the same time, however, the example of the interactive services detection should keep its influence over the conceptual design.  ')
INSERT dbo.Employee(Oid, BusyUntil, SecondName, Stuff, HourPrice, Patronymic, PlanfixId, Head, PlanfixMoneyRequestTask) VALUES ('4abdf3c0-7507-7423-304d-4c0f86f26090', '2011-01-05 06:21:23.330', N'Loveless', 49416, 1030, N'O', 6, NULL, N'It goes without saying that the development of the deep analysis seems to concurrently change the paradigm of an initial attempt in development of the product functionality.  ')
INSERT dbo.Employee(Oid, BusyUntil, SecondName, Stuff, HourPrice, Patronymic, PlanfixId, Head, PlanfixMoneyRequestTask) VALUES ('5aa02579-73ed-23cd-314d-4c0f86f26090', '2018-01-22 07:05:23.010', N'South', 2928, 586, N'Carl', 7, NULL, N'Regardless of the fact that the structure of the essential component focuses our attention on the hardware maintenance. It should rather be regarded as an integral part of the structured technology analysis.  ')
INSERT dbo.Employee(Oid, BusyUntil, SecondName, Stuff, HourPrice, Patronymic, PlanfixId, Head, PlanfixMoneyRequestTask) VALUES ('58fc185f-1925-3117-334d-4c0f86f26090', '2007-09-13 19:58:20.050', N'Bobbitt', 4614, 1642, N'K', 8, NULL, N'As for each of the constructive criticism, it is clear that a surprising flexibility in the analysis of the application interface becomes extremely important for the positive influence of any increasing growth of technology and productivity.  ')
INSERT dbo.Employee(Oid, BusyUntil, SecondName, Stuff, HourPrice, Patronymic, PlanfixId, Head, PlanfixMoneyRequestTask) VALUES ('244bd1b5-7428-4b87-0702-eefebbd653b8', '2006-06-15 06:27:15.960', N'Dove', 8599, 1282, N'A', 9, NULL, N'Though, the objectives of the framework of the efficient decision can be neglected in most cases, it should be realized that the organization of the treatment should focus on the entire picture.  ')
INSERT dbo.Employee(Oid, BusyUntil, SecondName, Stuff, HourPrice, Patronymic, PlanfixId, Head, PlanfixMoneyRequestTask) VALUES ('228bfc03-38db-4741-f096-94965a4eaa62', '2007-10-13 11:50:21.790', N'Mena', 290, 883, N'S.', 10, NULL, N'However, we can also agree that the arrangement of the the profit would facilitate the development of the minor details of major decisions, that lie behind the comprehensive project management.  ')
INSERT dbo.Employee(Oid, BusyUntil, SecondName, Stuff, HourPrice, Patronymic, PlanfixId, Head, PlanfixMoneyRequestTask) VALUES ('6c4c1f9b-1644-2620-5976-66508ad02725', '2006-09-20 15:01:29.910', N'Pitts', 8781, 1646, N'X', 11, NULL, N'That is to say a full-featured action of a significant portion of the development sequence becomes even more complex when compared with the set of related commands and controls. The situation is quite a concise matter.  ')
INSERT dbo.Employee(Oid, BusyUntil, SecondName, Stuff, HourPrice, Patronymic, PlanfixId, Head, PlanfixMoneyRequestTask) VALUES ('7a311573-456f-56e3-0902-eefebbd653b8', '2018-01-26 23:47:14.570', N'Cohn', 10824, 186, N'Dustin', 12, NULL, N'Let it not be said that the center of the treatment shows a stable performance in development of what can be classified as the application rules.  ')
INSERT dbo.Employee(Oid, BusyUntil, SecondName, Stuff, HourPrice, Patronymic, PlanfixId, Head, PlanfixMoneyRequestTask) VALUES ('7e919581-5fd4-1caf-5776-66508ad02725', NULL, N'Weller', NULL, NULL, NULL, 13, NULL, N'We must bear in mind that a broad understanding of the the profit represents basic principles of the preliminary action plan.  ')
INSERT dbo.Employee(Oid, BusyUntil, SecondName, Stuff, HourPrice, Patronymic, PlanfixId, Head, PlanfixMoneyRequestTask) VALUES ('36a4260a-7f6c-2ec6-f2b6-6f4dd73eba9e', '2011-03-22 19:45:10.130', N'Bobo', 612, 601, N'X.', 14, NULL, N'Moreover, the unification of the increasing growth of technology and productivity may share attitudes on what can be classified as the competitive development and manufacturing.  ')
INSERT dbo.Employee(Oid, BusyUntil, SecondName, Stuff, HourPrice, Patronymic, PlanfixId, Head, PlanfixMoneyRequestTask) VALUES ('699acaa2-66da-563a-1702-ce5da15ac776', '2001-09-08 04:45:29.610', N'Southard', 2989, 435, N'Erwin', 15, NULL, N'On top of that the interactive services detection and growth opportunities of it are quite high.It should rather be regarded as an integral part of the subsequent actions.')
INSERT dbo.Employee(Oid, BusyUntil, SecondName, Stuff, HourPrice, Patronymic, PlanfixId, Head, PlanfixMoneyRequestTask) VALUES ('37e456ed-14a3-6717-f3b6-6f4dd73eba9e', '2003-01-08 23:21:34.440', N'Wellman', 36204, 1872, N'J', 16, NULL, N'In a word, a small part of the internal resources has common features with the principles of effective management. Thus a complete understanding is missing.  ')
INSERT dbo.Employee(Oid, BusyUntil, SecondName, Stuff, HourPrice, Patronymic, PlanfixId, Head, PlanfixMoneyRequestTask) VALUES ('3f22df3a-3b15-3b5a-787e-3e3b283cabde', '2014-10-25 18:24:58.980', N'Coker', 91572, 821, N'V.', 17, NULL, N'Simplistically, the assumption, that the significant improvement is a base for developing the point of the interactive services detection, remains the crucial component of the positive influence of any effective mechanism.  ')
INSERT dbo.Employee(Oid, BusyUntil, SecondName, Stuff, HourPrice, Patronymic, PlanfixId, Head, PlanfixMoneyRequestTask) VALUES ('36460dcf-323b-1391-8ec9-bcec0cd444f8', '2014-05-14 17:34:22.380', N'Southerland', 0, 830, N'J', 18, NULL, NULL)
INSERT dbo.Employee(Oid, BusyUntil, SecondName, Stuff, HourPrice, Patronymic, PlanfixId, Head, PlanfixMoneyRequestTask) VALUES ('5ebb6116-1627-3f70-0602-eefebbd653b8', NULL, N'Wells', NULL, NULL, NULL, 19, NULL, NULL)
INSERT dbo.Employee(Oid, BusyUntil, SecondName, Stuff, HourPrice, Patronymic, PlanfixId, Head, PlanfixMoneyRequestTask) VALUES ('5e306560-6b07-2cdf-5b76-66508ad02725', '2017-01-13 13:56:56.280', N'Southern', 39776, 555, N'E.', 20, NULL, NULL)
INSERT dbo.Employee(Oid, BusyUntil, SecondName, Stuff, HourPrice, Patronymic, PlanfixId, Head, PlanfixMoneyRequestTask) VALUES ('51d8cc33-7be1-161f-f396-94965a4eaa62', '2017-02-19 01:21:22.060', N'Menard', 26120, 445, N'Marcos', 21, NULL, N'Thus, the core principles gives rise to the preliminary action plan.  ')
INSERT dbo.Employee(Oid, BusyUntil, SecondName, Stuff, HourPrice, Patronymic, PlanfixId, Head, PlanfixMoneyRequestTask) VALUES ('69619ef2-1249-20fa-797e-3e3b283cabde', '2007-05-18 23:14:19.840', N'Bock', 21068, 947, N'J.', 22, NULL, N'Thus, the understanding of the great significance of the strategic management remains the crucial component of the ultimate advantage of statistical knowledge over alternate practices.  ')
INSERT dbo.Employee(Oid, BusyUntil, SecondName, Stuff, HourPrice, Patronymic, PlanfixId, Head, PlanfixMoneyRequestTask) VALUES ('1a361dba-2edd-6ebd-324d-4c0f86f26090', '2009-03-13 02:40:26.770', N'Colbert', 7130, 693, N'M', 23, NULL, N'Though, the objectives of a significant portion of the structural comparison, based on sequence analysis can be neglected in most cases, it should be realized that the core principles provides benefit from any rigorous or various approach.  ')
INSERT dbo.Employee(Oid, BusyUntil, SecondName, Stuff, HourPrice, Patronymic, PlanfixId, Head, PlanfixMoneyRequestTask) VALUES ('2f1172a9-1b5d-6fc4-777e-3e3b283cabde', '2013-03-15 14:53:18.610', N'Hurst', 71649, 214, N'C', 24, NULL, N'Simplistically, the possibility of achieving discussions of the major outcomes, as far as the functional programming is questionable, involves some problems with an initial attempt in development of the effective mechanism.  ')
INSERT dbo.Employee(Oid, BusyUntil, SecondName, Stuff, HourPrice, Patronymic, PlanfixId, Head, PlanfixMoneyRequestTask) VALUES ('1a591774-4565-7236-90c9-bcec0cd444f8', '2019-04-30 10:18:34.140', N'Place', 84364, 1316, N'Y.', 25, NULL, NULL)
INSERT dbo.Employee(Oid, BusyUntil, SecondName, Stuff, HourPrice, Patronymic, PlanfixId, Head, PlanfixMoneyRequestTask) VALUES ('3a6dba26-6960-6953-d74b-16e575b61049', '2015-01-02 18:00:24.850', N'Lovell', 8, 1637, N'Marco', 26, NULL, N'Moreover, an basic component of discussions of the application rules may motivate developers to work out the minor details of strategic decisions.  ')
INSERT dbo.Employee(Oid, BusyUntil, SecondName, Stuff, HourPrice, Patronymic, PlanfixId, Head, PlanfixMoneyRequestTask) VALUES ('202cad24-4598-16cf-1a02-ce5da15ac776', '2009-04-15 12:56:17.990', N'Goebel', 9528, 725, N'Beau', 27, NULL, N'Surprisingly, the analysis of the essential component cannot rely only on the vital decisions. This could fairly be a result of a effective mechanism.  ')
INSERT dbo.Employee(Oid, BusyUntil, SecondName, Stuff, HourPrice, Patronymic, PlanfixId, Head, PlanfixMoneyRequestTask) VALUES ('2f8a5a0d-54fa-587b-5676-66508ad02725', '2006-02-06 17:23:30.800', N'Boehm', 32646, 1603, N'Garth', 28, NULL, N'Surprisingly, the patterns of the treatment would facilitate the development of the storage area. Such tendency may substantially originate from the development process .  ')
INSERT dbo.Employee(Oid, BusyUntil, SecondName, Stuff, HourPrice, Patronymic, PlanfixId, Head, PlanfixMoneyRequestTask) VALUES ('669afd3f-720a-6e34-1902-ce5da15ac776', '2008-12-26 20:18:10.510', N'Welsh', 16644, 1528, N'Dexter', 29, NULL, N'However, general features of the primary element results in a complete compliance with the technical terms.Such tendency may wholly originate from the project architecture.')
INSERT dbo.Employee(Oid, BusyUntil, SecondName, Stuff, HourPrice, Patronymic, PlanfixId, Head, PlanfixMoneyRequestTask) VALUES ('26c1e1f8-3a26-53fe-5876-66508ad02725', '2014-10-19 06:04:43.520', N'Hurt', 64, 334, N'Adam', 30, NULL, N'The most common argument against this is that support of the mechanism results in a complete compliance with the linguistic approach.  ')
INSERT dbo.Employee(Oid, BusyUntil, SecondName, Stuff, HourPrice, Patronymic, PlanfixId, Head, PlanfixMoneyRequestTask) VALUES ('481c748b-2a85-2a28-efb6-6f4dd73eba9e', '2014-02-27 14:50:54.820', N'Mendenhall', 2, 862, N'Y', 31, NULL, N'Perhaps we should also point out the fact that the progress of the arguments and claims stimulates development of the entire picture.  ')
INSERT dbo.Employee(Oid, BusyUntil, SecondName, Stuff, HourPrice, Patronymic, PlanfixId, Head, PlanfixMoneyRequestTask) VALUES ('49bdab11-1115-7150-d84b-16e575b61049', '2003-09-25 12:28:45.590', N'Souza', 6309, 630, N'U', 32, NULL, N'Everyone understands what it takes to the consequential risks the major area of expertise.The principle is quite a crucial matter.')
INSERT dbo.Employee(Oid, BusyUntil, SecondName, Stuff, HourPrice, Patronymic, PlanfixId, Head, PlanfixMoneyRequestTask) VALUES ('1e3453a2-3ef5-5f70-8dc9-bcec0cd444f8', '2002-09-16 18:28:29.570', N'Wendt', 48895, 741, N'Stefan', 33, NULL, N'By the way, a universal action of a key factor of the preliminary network design provides a glimpse at the sources and influences of the global management concepts. Such tendency may definitely originate from the driving factor.  ')
INSERT dbo.Employee(Oid, BusyUntil, SecondName, Stuff, HourPrice, Patronymic, PlanfixId, Head, PlanfixMoneyRequestTask) VALUES ('61e25755-3de1-1adf-8fc9-bcec0cd444f8', '2003-07-02 23:45:06.950', N'Colburn', 97, 704, N'U', 34, NULL, N'There is no evidence that there is a direct relation between the constructive criticism and efforts of the development methodology. However, the framework of the participant evaluation sample can hardly be compared with the conceptual design.  ')
INSERT dbo.Employee(Oid, BusyUntil, SecondName, Stuff, HourPrice, Patronymic, PlanfixId, Head, PlanfixMoneyRequestTask) VALUES ('751604f5-1e51-6d47-3f2b-e89ea5388e0b', '2017-10-24 16:49:30.700', N'Bogan', 85057, 1199, N'Alan', 35, NULL, N'Otherwise speaking, an basic component of support of the quality guidelines provides benefit from the irrelevance of technology.  ')
INSERT dbo.Employee(Oid, BusyUntil, SecondName, Stuff, HourPrice, Patronymic, PlanfixId, Head, PlanfixMoneyRequestTask) VALUES ('6f0fc907-5bf7-6e28-ef96-94965a4eaa62', '2017-01-02 07:03:20.620', N'Dover', 5023, 311, N'Desmond', 36, NULL, N'It is very clear from these observations that support of the skills provides a foundation for the preliminary action plan.  ')
INSERT dbo.Employee(Oid, BusyUntil, SecondName, Stuff, HourPrice, Patronymic, PlanfixId, Head, PlanfixMoneyRequestTask) VALUES ('36ce1756-1d21-7373-f1b6-6f4dd73eba9e', '2005-09-15 07:18:39.030', N'Colby', 76625, 468, N'U.', 37, NULL, N'It is necessary to point out that the evaluation of reliability activities for any of the independent knowledge can partly be used for every contradiction between the potential role models and the valuable information.  ')
INSERT dbo.Employee(Oid, BusyUntil, SecondName, Stuff, HourPrice, Patronymic, PlanfixId, Head, PlanfixMoneyRequestTask) VALUES ('5f00c41b-39dc-51ee-0802-eefebbd653b8', NULL, N'Plante', NULL, NULL, NULL, 38, NULL, N'So far so good, but the accurate predictions of the outline design stage commits resources to the preliminary action plan.  ')
INSERT dbo.Employee(Oid, BusyUntil, SecondName, Stuff, HourPrice, Patronymic, PlanfixId, Head, PlanfixMoneyRequestTask) VALUES ('284445b2-65be-4f66-422b-e89ea5388e0b', '2016-10-17 17:25:49.090', N'Goetz', 34962, 1378, N'K', 39, NULL, N'Let it not be said that the analysis of the mechanism provides a strict control over the increasing growth of technology and productivity. Therefore, the concept of the goals and objectives can be treated as the only solution.  ')
INSERT dbo.Employee(Oid, BusyUntil, SecondName, Stuff, HourPrice, Patronymic, PlanfixId, Head, PlanfixMoneyRequestTask) VALUES ('5f0a8444-3de1-3f02-eeb6-6f4dd73eba9e', '2017-07-20 19:54:12.730', N'Boggs', 69447, 763, N'Q', 40, NULL, N'Looking it another way, a number of brand new approaches has been tested during the the improvement of the consequential risks.')
INSERT dbo.Employee(Oid, BusyUntil, SecondName, Stuff, HourPrice, Patronymic, PlanfixId, Head, PlanfixMoneyRequestTask) VALUES ('336d8f99-255d-646e-f0b6-6f4dd73eba9e', '2013-03-23 08:41:45.520', N'Cole', 94267, 579, N'S', 41, NULL, N'In plain English, the problem of a huge improvement of the critical acclaim of the seems to completely change the paradigm of an initial attempt in development of the outline design stage.  ')
INSERT dbo.Employee(Oid, BusyUntil, SecondName, Stuff, HourPrice, Patronymic, PlanfixId, Head, PlanfixMoneyRequestTask) VALUES ('397bc919-4888-5ab2-402b-e89ea5388e0b', '2008-01-30 09:29:44.350', N'Bohannon', 7023, 1904, N'N.', 42, NULL, N'To be quite frank, segments of the skills provides a prominent example of this market tendencies.This can eventually cause certain issues.')
INSERT dbo.Employee(Oid, BusyUntil, SecondName, Stuff, HourPrice, Patronymic, PlanfixId, Head, PlanfixMoneyRequestTask) VALUES ('66b0e9ee-53c2-4a98-432b-e89ea5388e0b', '2007-10-02 06:07:15.440', N'Mendez', 9839, 1290, N'P', 43, NULL, N'Thus, the progress of the mechanism has more common features with the first-class package. Therefore, the concept of the grand strategy can be treated as the only solution.  ')
INSERT dbo.Employee(Oid, BusyUntil, SecondName, Stuff, HourPrice, Patronymic, PlanfixId, Head, PlanfixMoneyRequestTask) VALUES ('499200b3-46a5-60a7-f196-94965a4eaa62', '2000-08-11 18:28:38.920', N'Sowell', 2203, 728, N'Rolf', 44, NULL, N'In plain English, an basic component of the dominant cause of the standards control provides a foundation for the positive influence of any functional testing.  ')
INSERT dbo.Employee(Oid, BusyUntil, SecondName, Stuff, HourPrice, Patronymic, PlanfixId, Head, PlanfixMoneyRequestTask) VALUES ('1b3166b4-1301-5956-5a76-66508ad02725', '2008-12-30 10:32:49.810', N'Lovett', 14847, 1072, N'Hong', 45, NULL, N'On the assumption of in terms of the conceptual emergency, the analysis of the the profit makes no difference to the structure absorption. The authority is quite a initial matter.  ')
INSERT dbo.Employee(Oid, BusyUntil, SecondName, Stuff, HourPrice, Patronymic, PlanfixId, Head, PlanfixMoneyRequestTask) VALUES ('66a18612-296a-25b0-d94b-16e575b61049', '2019-01-11 20:06:22.040', N'Dow', 6, 1038, N'Dorsey', 46, NULL, N'Even so, criteria of the design of the network development manages to obtain the ultimate advantage of sole indicator over alternate practices.  ')
INSERT dbo.Employee(Oid, BusyUntil, SecondName, Stuff, HourPrice, Patronymic, PlanfixId, Head, PlanfixMoneyRequestTask) VALUES ('24fee4c1-709c-79d6-1802-ce5da15ac776', '2015-05-21 09:29:19.360', N'Hurtado', 13203, 386, N'Terrence', 47, NULL, N'Curiously, a lot of effort has been invested into the storage area.Perhaps we should also point out the fact that the progress of the the profit must stay true to the entire picture.')
INSERT dbo.Employee(Oid, BusyUntil, SecondName, Stuff, HourPrice, Patronymic, PlanfixId, Head, PlanfixMoneyRequestTask) VALUES ('1259a17c-69e8-7a1c-da4b-16e575b61049', '2015-01-12 14:14:10.330', N'Loving', 574, 1759, N'O', 48, NULL, N'In respect that the portion of the treatment highlights the importance of what can be classified as the final draft.  ')
INSERT dbo.Employee(Oid, BusyUntil, SecondName, Stuff, HourPrice, Patronymic, PlanfixId, Head, PlanfixMoneyRequestTask) VALUES ('4f7021f5-7800-11be-0a02-eefebbd653b8', '2003-12-29 09:00:43.410', N'Platt', 4, 1008, N'Adam', 49, NULL, N'In any case, we can immensely change the mechanism of the conceptual design the final phase.Therefore, the concept of the fundamental problem can be treated as the only solution.')
INSERT dbo.Employee(Oid, BusyUntil, SecondName, Stuff, HourPrice, Patronymic, PlanfixId, Head, PlanfixMoneyRequestTask) VALUES ('7959e1dd-2e0b-4306-7a7e-3e3b283cabde', NULL, N'Goff', NULL, NULL, NULL, 50, NULL, N'In respect of after the completion of the predictable behavior can hardly be compared with the effective time management.The permanent growth turns it into something immensely real.')
GO

--
-- Inserting data into table dbo.Project
--
INSERT dbo.Project(Oid, Name, Address, Client, Manager, Foreman, OptimisticLockField, GCRecord, Balance, BalanceByMaterial, BalanceByWork, PlaningStartDate, Status, FinishDate, Area, WorkPriceRate, WorkersPriceRate, RemainderTheAdvance, PlanfixWorkTask, PlanfixChangeRequestTask, UseAnalytics) VALUES ('7f9589fa-2b58-5866-1c93-373516031d8e', N'Computer', N'3168 Riddle Hill Lane, Denver, Colorado, 89834', '4abdf3c0-7507-7423-304d-4c0f86f26090', '5984fdaa-1e0e-68c7-3e2b-e89ea5388e0b', '202cad24-4598-16cf-1a02-ce5da15ac776', 0, NULL, 3, -671660539, -1849585943, '1998-02-06 09:38:20.880', 58, '2010-07-02 18:15:45.880', 358378, 987719193.92, 232165.82, -2057953104, N'It is stated that any further consideration should focus on the general features and possibilities of the data management and data architecture framework.  ', N'What is more, the patterns of the internal resources the minor details of entity integrity the high performance of what can be classified as the productivity boost.  ', 1)
INSERT dbo.Project(Oid, Name, Address, Client, Manager, Foreman, OptimisticLockField, GCRecord, Balance, BalanceByMaterial, BalanceByWork, PlaningStartDate, Status, FinishDate, Area, WorkPriceRate, WorkersPriceRate, RemainderTheAdvance, PlanfixWorkTask, PlanfixChangeRequestTask, UseAnalytics) VALUES ('28186996-5b5b-7729-455f-1885b89fc8fc', N'Speakmutry', N'1252 Monument Ave, Indianapolis, Indiana, 59078', '202cad24-4598-16cf-1a02-ce5da15ac776', '37e456ed-14a3-6717-f3b6-6f4dd73eba9e', '284445b2-65be-4f66-422b-e89ea5388e0b', 7, NULL, -2090539160, -69, -766581882, '2000-12-23 09:02:23.750', 59, '2015-07-20 11:05:35.750', 379528, 875908274.5, 378100.14, 13, N'Even so, the possibility of achieving elements of the strategic management, as far as the sources and influences of the feedback system is questionable, represents a bond between the integrated collection of software engineering standards and the ultimate advantage of full-featured advancement over alternate practices.  ', N'One cannot possibly accept the fact that the problem of the development of the first-class package manages to obtain the irrelevance of assessment.  ', 0)
INSERT dbo.Project(Oid, Name, Address, Client, Manager, Foreman, OptimisticLockField, GCRecord, Balance, BalanceByMaterial, BalanceByWork, PlaningStartDate, Status, FinishDate, Area, WorkPriceRate, WorkersPriceRate, RemainderTheAdvance, PlanfixWorkTask, PlanfixChangeRequestTask, UseAnalytics) VALUES ('5b6e9fc7-1e70-4fd4-0448-b983316b8374', N'Speakmuterridge', N'2503 Highland Ct, Austin, TX, 35237', '7a311573-456f-56e3-0902-eefebbd653b8', '36a4260a-7f6c-2ec6-f2b6-6f4dd73eba9e', '4abdf3c0-7507-7423-304d-4c0f86f26090', 3, NULL, -1298511159, -2114556390, -1561801187, '2002-11-20 22:27:16.790', 38, '2008-09-24 15:33:54.790', 454523, 420688460.36, 23506.78, -3268, N'Simplistically, core concept of the essential component focuses our attention on the more outline design stage of the structured technology analysis.  ', N'We cannot ignore the fact that the initial progress in the performance gaps the ultimate advantage of tentative metaphor over alternate practices the sustainability of the project and the matters of peculiar interest. Everyone understands what it takes to the preliminary action plan the production cycle or the final draft.  ', 0)
INSERT dbo.Project(Oid, Name, Address, Client, Manager, Foreman, OptimisticLockField, GCRecord, Balance, BalanceByMaterial, BalanceByWork, PlaningStartDate, Status, FinishDate, Area, WorkPriceRate, WorkersPriceRate, RemainderTheAdvance, PlanfixWorkTask, PlanfixChangeRequestTask, UseAnalytics) VALUES ('1ba4c500-5a33-4cef-3709-69a9b1bfbc32', N'Reculimra', N'2602 Rushwood Lane, Calyon Bldg, Boise, ID, 73865', '36ce1756-1d21-7373-f1b6-6f4dd73eba9e', '36460dcf-323b-1391-8ec9-bcec0cd444f8', '244bd1b5-7428-4b87-0702-eefebbd653b8', 8, NULL, -730023638, -519557971, -84, '2002-09-30 13:36:09.300', 41, '2011-09-14 13:46:31.300', 497677, 804777819.18, 137635.9, -1252141232, N'By some means, the problem of the design of the systolic approach will possibly result in the conceptual design.  ', N'It is very clear from these observations that the raw draft of the quality guidelines is regularly debated in the light of the conceptual design.  ', 0)
INSERT dbo.Project(Oid, Name, Address, Client, Manager, Foreman, OptimisticLockField, GCRecord, Balance, BalanceByMaterial, BalanceByWork, PlaningStartDate, Status, FinishDate, Area, WorkPriceRate, WorkersPriceRate, RemainderTheAdvance, PlanfixWorkTask, PlanfixChangeRequestTask, UseAnalytics) VALUES ('2643c0f2-5381-7a86-1d93-373516031d8e', N'Tablictra', N'2654 Burwood Hwy, Baton Rouge, LA, 32867', '61e25755-3de1-1adf-8fc9-bcec0cd444f8', '481c748b-2a85-2a28-efb6-6f4dd73eba9e', '6f0fc907-5bf7-6e28-ef96-94965a4eaa62', 2, NULL, -598152306, -7417, -1614312267, '1999-05-02 06:25:32.260', 86, '2018-02-04 04:33:20.260', 43998, 569353829.43, 238751.1, -2045713596, N'Furthermore, one should not forget that the progress of the valuable information is traditionally considerable. However, a broad understanding of the consequential risks underlines the limitations of the strategic management. It should rather be regarded as an integral part of the development methodology.  ', N'Regardless of the fact that core concept of the essence cannot be developed under such circumstances. Besides, in terms of the essential component gives a complete experience of the structured technology analysis. Everyone understands what it takes to every contradiction between the ground-breaking technology and the major outcomes the tasks priority management. This could notably be a result of a task analysis.  ', 1)
INSERT dbo.Project(Oid, Name, Address, Client, Manager, Foreman, OptimisticLockField, GCRecord, Balance, BalanceByMaterial, BalanceByWork, PlaningStartDate, Status, FinishDate, Area, WorkPriceRate, WorkersPriceRate, RemainderTheAdvance, PlanfixWorkTask, PlanfixChangeRequestTask, UseAnalytics) VALUES ('5c549d77-1e58-4d4e-1fbe-eaf7cc272319', N'Processoper', N'321 East Rock Hill Pkwy, Harrisburg, PA, 69670', '5f0a8444-3de1-3f02-eeb6-6f4dd73eba9e', '5e306560-6b07-2cdf-5b76-66508ad02725', '49bdab11-1115-7150-d84b-16e575b61049', 0, NULL, -497829609, -660394851, -1909791908, '2003-05-30 04:54:58.020', 81, '2010-05-29 10:02:38.020', 441808, 247048315.2, 228909.56, NULL, N'It is obvious, that the influence of the relation between the set of related commands and controls and the strategic decisions may motivate developers to work out the preliminary action plan.  ', N'Curiously, the basic layout for the structure of the major and minor objectives provides benefit from complete failure of the supposed theory.  ', 1)
INSERT dbo.Project(Oid, Name, Address, Client, Manager, Foreman, OptimisticLockField, GCRecord, Balance, BalanceByMaterial, BalanceByWork, PlaningStartDate, Status, FinishDate, Area, WorkPriceRate, WorkersPriceRate, RemainderTheAdvance, PlanfixWorkTask, PlanfixChangeRequestTask, UseAnalytics) VALUES ('31a38fa9-4c3b-4cf0-0548-b983316b8374', N'Cleancessentor', N'748 Riverview Avenue, Jackson, Mississippi, 77400', '699acaa2-66da-563a-1702-ce5da15ac776', '1a361dba-2edd-6ebd-324d-4c0f86f26090', '3a6dba26-6960-6953-d74b-16e575b61049', 1, NULL, -1272245938, -44982311, -1784893508, '1991-03-02 04:40:38.750', 12, '2008-09-12 19:45:05.750', 962844, 321677421.97, 78281.73, -45, N'We must bear in mind that a number of the arguments and claims should keep its influence over the prominent landmarks. The metaphor is quite a first-rate matter.  ', N'In short, a full-scale action of with the exception of the set of system properties represents opportunities for the technical terms.  ', 0)
INSERT dbo.Project(Oid, Name, Address, Client, Manager, Foreman, OptimisticLockField, GCRecord, Balance, BalanceByMaterial, BalanceByWork, PlaningStartDate, Status, FinishDate, Area, WorkPriceRate, WorkersPriceRate, RemainderTheAdvance, PlanfixWorkTask, PlanfixChangeRequestTask, UseAnalytics) VALUES ('4a084a3f-5d99-1372-b433-62dd4e858bad', N'Ancordplar', N'1948 Fox Hill Lane, Boise, ID, 26196', '5f0a8444-3de1-3f02-eeb6-6f4dd73eba9e', '284445b2-65be-4f66-422b-e89ea5388e0b', '5f0a8444-3de1-3f02-eeb6-6f4dd73eba9e', 5, NULL, 56, 88, -840748626, '1999-04-17 14:11:45.480', 56, '2010-01-20 15:04:25.480', 581940, 743328937.33, 103430.14, NULL, N'According to some experts, a surprising flexibility in the organization of the individual elements should set clear rules regarding the general features and possibilities of the crucial component.  ', N'Surprisingly, some part of the essence facilitates access to the preliminary action plan.  ', 1)
INSERT dbo.Project(Oid, Name, Address, Client, Manager, Foreman, OptimisticLockField, GCRecord, Balance, BalanceByMaterial, BalanceByWork, PlaningStartDate, Status, FinishDate, Area, WorkPriceRate, WorkersPriceRate, RemainderTheAdvance, PlanfixWorkTask, PlanfixChangeRequestTask, UseAnalytics) VALUES ('6d825400-4c66-515a-1e93-373516031d8e', N'Retectridge', N'262 Waterview Ave, Kearns Building, Bismarck, North Dakota, 54712', '244bd1b5-7428-4b87-0702-eefebbd653b8', '2f8a5a0d-54fa-587b-5676-66508ad02725', NULL, 8, NULL, 84, -1980233702, NULL, '2000-05-20 04:35:31.780', NULL, '2012-09-19 01:44:33.780', 54701, 903531090.72, 264668.85, -5607, N'On the other hand, we can observe that elements of the internal policy represents a bond between the preliminary network design and the preliminary action plan.  ', N'Let''s consider, that all approaches to the creation of cost of the corporate ethics and philosophy represents opportunities for the resource management. We must be ready for systems approach and software engineering concepts and practices investigation of the final draft or the outline design stage.  ', 1)
INSERT dbo.Project(Oid, Name, Address, Client, Manager, Foreman, OptimisticLockField, GCRecord, Balance, BalanceByMaterial, BalanceByWork, PlaningStartDate, Status, FinishDate, Area, WorkPriceRate, WorkersPriceRate, RemainderTheAdvance, PlanfixWorkTask, PlanfixChangeRequestTask, UseAnalytics) VALUES ('5a851e09-4a52-7284-0648-b983316b8374', N'Carttellor', N'407 Woodside Lane, Macy''s Bldg, Saint Paul, MN, 36648', '69619ef2-1249-20fa-797e-3e3b283cabde', '3f22df3a-3b15-3b5a-787e-3e3b283cabde', '5984fdaa-1e0e-68c7-3e2b-e89ea5388e0b', 1, NULL, -1979878984, -1980795195, -1154467762, '2001-04-09 05:09:36.680', 47, '2015-01-13 00:33:16.680', 445587, 824978684.45, 311897.18, -1302707293, N'Perhaps we should also point out the fact that all approaches to the creation of details of the system mechanism should focus on the valuable information. In any case, we can seemingly change the mechanism of an importance of the set of related commands and controls.  ', N'It is stated that the productivity boost and growth opportunities of it are quite high. It should not be neglected that the raw draft of the application interface becomes extremely important for the questionable thesis.  ', 0)
INSERT dbo.Project(Oid, Name, Address, Client, Manager, Foreman, OptimisticLockField, GCRecord, Balance, BalanceByMaterial, BalanceByWork, PlaningStartDate, Status, FinishDate, Area, WorkPriceRate, WorkersPriceRate, RemainderTheAdvance, PlanfixWorkTask, PlanfixChangeRequestTask, UseAnalytics) VALUES ('1897a8f1-37fc-5c9c-3809-69a9b1bfbc32', NULL, NULL, NULL, '7e919581-5fd4-1caf-5776-66508ad02725', '36460dcf-323b-1391-8ec9-bcec0cd444f8', NULL, NULL, NULL, -759, -1075602905, NULL, 31, NULL, 203020, NULL, 405534.12, -405123311, NULL, N'Let it not be said that the initial progress in the effective time management gives rise to the project architecture. The real reason of the principles of effective management traditionally any implicative or compliant approach every contradiction between the goals and objectives and the task analysis.  ', NULL)
INSERT dbo.Project(Oid, Name, Address, Client, Manager, Foreman, OptimisticLockField, GCRecord, Balance, BalanceByMaterial, BalanceByWork, PlaningStartDate, Status, FinishDate, Area, WorkPriceRate, WorkersPriceRate, RemainderTheAdvance, PlanfixWorkTask, PlanfixChangeRequestTask, UseAnalytics) VALUES ('373511c0-68e6-4a3f-20be-eaf7cc272319', N'Cabcyclefridge', N'2478 NW Rose Hill Ct, Frankfort, Kentucky, 40649', '5f0a8444-3de1-3f02-eeb6-6f4dd73eba9e', '24fee4c1-709c-79d6-1802-ce5da15ac776', '751604f5-1e51-6d47-3f2b-e89ea5388e0b', 8, NULL, 627, -3898, -378801612, '1990-05-13 19:46:59.140', 25, '2009-04-09 06:38:20.140', 162617, 632275909.8, 387743.71, -994262518, N'Alas, the unification of the well-known practice would facilitate the development of any development process . This may be done through the subsequent actions.  ', N'To be quite frank, the development of the criterion enforces the overall effect of the global management concepts. Such tendency may concurrently originate from the continuing support.  ', 1)
INSERT dbo.Project(Oid, Name, Address, Client, Manager, Foreman, OptimisticLockField, GCRecord, Balance, BalanceByMaterial, BalanceByWork, PlaningStartDate, Status, FinishDate, Area, WorkPriceRate, WorkersPriceRate, RemainderTheAdvance, PlanfixWorkTask, PlanfixChangeRequestTask, UseAnalytics) VALUES ('66af213e-6ed1-770c-5c32-9a0257d67b47', N'Playputer', N'766 New Woodhurst St, Kearns Building, Trenton, New Jersey, 51607', '1e3453a2-3ef5-5f70-8dc9-bcec0cd444f8', '66a18612-296a-25b0-d94b-16e575b61049', '51d8cc33-7be1-161f-f396-94965a4eaa62', 9, NULL, -353753083, -1394969261, -312929865, '1993-08-12 02:13:33.530', 32, '2008-12-14 02:59:10.530', 533598, 402548093.24, 221895.46, 2, N'In spite of the fact that the core principles can turn out to be a result of an initial attempt in development of the set of related commands and controls, it is worth considering that general features of the skills is getting more complicated against the backdrop of every contradiction between the goals and objectives and the formal review of opportunities.  ', N'Under the assumption that the major accomplishments, such as the first-class package, the development methodology, the functional programming or the operational system gives rise to the major outcomes. In any case, we can individually change the mechanism of what can be classified as the application rules.  ', 1)
INSERT dbo.Project(Oid, Name, Address, Client, Manager, Foreman, OptimisticLockField, GCRecord, Balance, BalanceByMaterial, BalanceByWork, PlaningStartDate, Status, FinishDate, Area, WorkPriceRate, WorkersPriceRate, RemainderTheAdvance, PlanfixWorkTask, PlanfixChangeRequestTask, UseAnalytics) VALUES ('488ffd9a-7ad8-5a04-cd7e-e08e331d25c7', NULL, NULL, NULL, '751604f5-1e51-6d47-3f2b-e89ea5388e0b', '1257615f-5ea8-6cd9-0b02-eefebbd653b8', NULL, NULL, NULL, -1642925920, -1773952467, NULL, 17, NULL, 868354, NULL, 431885.48, -245556106, NULL, N'We must bear in mind that elements of the skills gives us a clear notion of complete failure of the supposed theory.  ', NULL)
INSERT dbo.Project(Oid, Name, Address, Client, Manager, Foreman, OptimisticLockField, GCRecord, Balance, BalanceByMaterial, BalanceByWork, PlaningStartDate, Status, FinishDate, Area, WorkPriceRate, WorkersPriceRate, RemainderTheAdvance, PlanfixWorkTask, PlanfixChangeRequestTask, UseAnalytics) VALUES ('495ff429-25fd-4337-1f93-373516031d8e', N'Ampcyclra', N'763 Market Pkwy, Phoenix, AZ, 22164', '5ebb6116-1627-3f70-0602-eefebbd653b8', '6f0fc907-5bf7-6e28-ef96-94965a4eaa62', '14735d5d-67ff-5dad-412b-e89ea5388e0b', 6, NULL, -1171149210, -5, -1045106815, '1996-03-30 05:24:47.590', 11, '2018-01-25 01:55:31.590', 441740, 640116404.73, 371973.82, NULL, N'In particular, final stages of the interconnection of corporate asset growth with productivity boosting leads us to a clear understanding of the constructive criticism. This could heavily be a result of a comprehensive set of policy statements.  ', N'In the meantime the remainder of the mechanism reinforces the argument for what can be classified as the crucial development skills.  ', 1)
INSERT dbo.Project(Oid, Name, Address, Client, Manager, Foreman, OptimisticLockField, GCRecord, Balance, BalanceByMaterial, BalanceByWork, PlaningStartDate, Status, FinishDate, Area, WorkPriceRate, WorkersPriceRate, RemainderTheAdvance, PlanfixWorkTask, PlanfixChangeRequestTask, UseAnalytics) VALUES ('24c4b5df-5d2a-53c2-b533-62dd4e858bad', N'Speakculimator', N'3776 East Flintwood Avenue, Madison, Wisconsin, 58797', '66b0e9ee-53c2-4a98-432b-e89ea5388e0b', NULL, '499200b3-46a5-60a7-f196-94965a4eaa62', 7, NULL, -281018203, NULL, -847086039, '1993-04-19 16:19:45.170', 13, '2018-03-09 23:24:49.170', 107379, 479571412.94, NULL, -466975274, N'On top of that an basic component of with the exception of the global management concepts provides a strict control over an importance of the final phase.  ', NULL, 0)
INSERT dbo.Project(Oid, Name, Address, Client, Manager, Foreman, OptimisticLockField, GCRecord, Balance, BalanceByMaterial, BalanceByWork, PlaningStartDate, Status, FinishDate, Area, WorkPriceRate, WorkersPriceRate, RemainderTheAdvance, PlanfixWorkTask, PlanfixChangeRequestTask, UseAnalytics) VALUES ('12e83c52-5faa-79c9-ce7e-e08e331d25c7', N'Armcordletry', N'1236 W Pine Tree Loop, Guardian Bldg, Nashville, Tennessee, 34228', '5f0a8444-3de1-3f02-eeb6-6f4dd73eba9e', '6f0fc907-5bf7-6e28-ef96-94965a4eaa62', '6f0fc907-5bf7-6e28-ef96-94965a4eaa62', 0, NULL, -1162466197, -1739688447, -6, '1992-12-21 01:33:17.810', 40, '2007-07-21 02:33:03.810', 101711, 875834284.68, 393733.23, -17767788, N'In any case, the remainder of the mechanism becomes extremely important for the operational system. This seems to be a approximately obvious step towards the feedback system.  ', N'Let''s consider, that impact of the comprehensive methods makes it easy to see perspectives of the preliminary action plan.  ', 0)
INSERT dbo.Project(Oid, Name, Address, Client, Manager, Foreman, OptimisticLockField, GCRecord, Balance, BalanceByMaterial, BalanceByWork, PlaningStartDate, Status, FinishDate, Area, WorkPriceRate, WorkersPriceRate, RemainderTheAdvance, PlanfixWorkTask, PlanfixChangeRequestTask, UseAnalytics) VALUES ('5126a884-72e7-76eb-3909-69a9b1bfbc32', NULL, NULL, NULL, '49bdab11-1115-7150-d84b-16e575b61049', '397bc919-4888-5ab2-402b-e89ea5388e0b', NULL, NULL, NULL, -362992587, -8, NULL, 96, NULL, 323596, NULL, 180741.76, -1474316115, NULL, N'By all means, an basic component of details of the technical terms has become even more significant for the proper event of the task analysis.  ', NULL)
INSERT dbo.Project(Oid, Name, Address, Client, Manager, Foreman, OptimisticLockField, GCRecord, Balance, BalanceByMaterial, BalanceByWork, PlaningStartDate, Status, FinishDate, Area, WorkPriceRate, WorkersPriceRate, RemainderTheAdvance, PlanfixWorkTask, PlanfixChangeRequestTask, UseAnalytics) VALUES ('436978f8-4c20-1760-21be-eaf7cc272319', N'Bimutfior', N'67 East Rushwood Ln, Superior Building, Olympia, WA, 97251', '5f00c41b-39dc-51ee-0802-eefebbd653b8', '66b0e9ee-53c2-4a98-432b-e89ea5388e0b', '284445b2-65be-4f66-422b-e89ea5388e0b', 0, NULL, 1055, -1546520735, -833397025, '1998-09-27 14:36:20.080', 66, '2011-01-25 19:55:00.080', 415948, 906266189.79, 187759.41, -1534830649, N'Fortunately, the technical requirements may share attitudes on the preliminary action plan.  ', N'It is stated that the commitment to quality assurance and growth opportunities of it are quite high. Notwithstanding that impact of the specific decisions can be regarded as closely insignificant. The design patterns makes no difference to the increasing growth of technology and productivity. Therefore, the concept of the first-class package can be treated as the only solution.  ', 0)
INSERT dbo.Project(Oid, Name, Address, Client, Manager, Foreman, OptimisticLockField, GCRecord, Balance, BalanceByMaterial, BalanceByWork, PlaningStartDate, Status, FinishDate, Area, WorkPriceRate, WorkersPriceRate, RemainderTheAdvance, PlanfixWorkTask, PlanfixChangeRequestTask, UseAnalytics) VALUES ('1752b8ca-19e4-4cd1-757d-18b43b6e1561', N'Stereocordon', N'3726 Red Deepwood Highway, Equitable Bldg, Tallahassee, FL, 89597', '4abdf3c0-7507-7423-304d-4c0f86f26090', '6c4c1f9b-1644-2620-5976-66508ad02725', '669afd3f-720a-6e34-1902-ce5da15ac776', 10, NULL, -1120074977, -486307348, -3102, '1996-11-25 00:11:56.400', 63, '2019-01-03 21:51:16.400', 26782, 699650793.41, 253393.49, -531040849, N'Naturally, the point of the comprehensive methods manages to obtain the irrelevance of framework.  ', N'Whatever the case, some of the essence benefits from permanent interrelation with the preliminary action plan.  ', 1)
INSERT dbo.Project(Oid, Name, Address, Client, Manager, Foreman, OptimisticLockField, GCRecord, Balance, BalanceByMaterial, BalanceByWork, PlaningStartDate, Status, FinishDate, Area, WorkPriceRate, WorkersPriceRate, RemainderTheAdvance, PlanfixWorkTask, PlanfixChangeRequestTask, UseAnalytics) VALUES ('47cb37df-759e-6071-3a09-69a9b1bfbc32', N'Speaktaer', N'3084 SE Fox Hill Ct, Carson City, Nevada, 88147', '6c4c1f9b-1644-2620-5976-66508ad02725', '228bfc03-38db-4741-f096-94965a4eaa62', '499200b3-46a5-60a7-f196-94965a4eaa62', 5, NULL, -410296410, -1473206558, -91576742, '2004-09-12 02:27:46.920', 26, '2010-09-08 18:23:13.920', 665263, 627761026.23, 355790.68, -1448159059, N'Up to a certain time, the assumption, that the application rules is a base for developing segments of the entity integrity, must be compatible with any flexible production planning. This may be done through the market tendencies.  ', N'We must bear in mind that the raw draft of the technical requirements requires urgent actions to be taken towards the development process .  ', 1)
INSERT dbo.Project(Oid, Name, Address, Client, Manager, Foreman, OptimisticLockField, GCRecord, Balance, BalanceByMaterial, BalanceByWork, PlaningStartDate, Status, FinishDate, Area, WorkPriceRate, WorkersPriceRate, RemainderTheAdvance, PlanfixWorkTask, PlanfixChangeRequestTask, UseAnalytics) VALUES ('1ee39b95-6a6d-4cdf-5d32-9a0257d67b47', N'Armcessupon', N'1866 Ironwood Way, Enquirer Bldg, Trenton, New Jersey, 28047', '5aa02579-73ed-23cd-314d-4c0f86f26090', '751604f5-1e51-6d47-3f2b-e89ea5388e0b', NULL, 0, NULL, -2030953029, -1990456687, NULL, '2000-07-27 07:56:43.090', NULL, '2018-05-02 05:50:22.090', 726804, 747794494.03, 365172.76, 105, N'As a resultant implication, elements of the strategic decision has the potential to improve or transform any fundamental problem. This may be done through the application rules.  ', N'It''s a well-known fact that the point of the essential component the positive influence of any participant evaluation sample general tendency of the ultimate advantage of episodic uptake over alternate practices.  ', 1)
INSERT dbo.Project(Oid, Name, Address, Client, Manager, Foreman, OptimisticLockField, GCRecord, Balance, BalanceByMaterial, BalanceByWork, PlaningStartDate, Status, FinishDate, Area, WorkPriceRate, WorkersPriceRate, RemainderTheAdvance, PlanfixWorkTask, PlanfixChangeRequestTask, UseAnalytics) VALUES ('3f74a4eb-2217-1549-0748-b983316b8374', N'Playlictator', N'260 Riverside Drive, Providence, RI, 26254', '36460dcf-323b-1391-8ec9-bcec0cd444f8', '336d8f99-255d-646e-f0b6-6f4dd73eba9e', '481c748b-2a85-2a28-efb6-6f4dd73eba9e', 2, NULL, 4209, -670109476, -933275614, '1991-04-02 15:37:16.220', 42, '2014-07-30 08:54:19.220', 945781, 440818312.94, 259576.95, -918723639, N'Resulting from review or analysis of threats and opportunities, we can presume that the understanding of the great significance of the principles of effective management needs to be processed together with the the structured technology analysis. Therefore, the concept of the task analysis can be treated as the only solution.  ', N'Thus, a section of the influence on eventual productivity can be regarded as briefly insignificant. The major outcomes the questionable thesis the sustainability of the project and the key principles or the basic reason of the outline design stage.  ', 1)
INSERT dbo.Project(Oid, Name, Address, Client, Manager, Foreman, OptimisticLockField, GCRecord, Balance, BalanceByMaterial, BalanceByWork, PlaningStartDate, Status, FinishDate, Area, WorkPriceRate, WorkersPriceRate, RemainderTheAdvance, PlanfixWorkTask, PlanfixChangeRequestTask, UseAnalytics) VALUES ('27d08697-48a5-60ae-3014-9ad3d3072fe3', NULL, NULL, NULL, NULL, '49bdab11-1115-7150-d84b-16e575b61049', NULL, NULL, NULL, NULL, -1577270857, NULL, 74, NULL, 774081, NULL, NULL, NULL, NULL, NULL, NULL)
INSERT dbo.Project(Oid, Name, Address, Client, Manager, Foreman, OptimisticLockField, GCRecord, Balance, BalanceByMaterial, BalanceByWork, PlaningStartDate, Status, FinishDate, Area, WorkPriceRate, WorkersPriceRate, RemainderTheAdvance, PlanfixWorkTask, PlanfixChangeRequestTask, UseAnalytics) VALUES ('1c88c2a4-1aa1-1a3e-465f-1885b89fc8fc', N'Supniaquridge', N'42 Social Rd, Standard Building, Albany, New York, 54385', '2f8a5a0d-54fa-587b-5676-66508ad02725', '1b3166b4-1301-5956-5a76-66508ad02725', '2dc6dc0b-307b-3bde-5c76-66508ad02725', 7, NULL, -1578238276, -1902710108, -767361276, '2000-11-17 11:42:26.690', 38, '2018-06-10 08:30:58.690', 921299, 200962631.7, 119670.31, -1079628273, N'Let''s not forget that the utilization of the internal policy cannot be developed under such circumstances. From these facts, one may conclude that the influence of the relation between the operating speed model and the software engineering concepts and practices offers good prospects for improvement of complete failure of the supposed theory.  ', N'In respect that some of the essence habitually any individual elements. This may be done through the development process  the significant improvement in terms of its dependence on any comprehensive or associative approach.  ', 1)
INSERT dbo.Project(Oid, Name, Address, Client, Manager, Foreman, OptimisticLockField, GCRecord, Balance, BalanceByMaterial, BalanceByWork, PlaningStartDate, Status, FinishDate, Area, WorkPriceRate, WorkersPriceRate, RemainderTheAdvance, PlanfixWorkTask, PlanfixChangeRequestTask, UseAnalytics) VALUES ('42b2fa47-5255-25d8-767d-18b43b6e1561', N'Speakcyclry', N'3262 Edgewood Lane, Montgomery, AL, 36482', '6f0fc907-5bf7-6e28-ef96-94965a4eaa62', '1e3453a2-3ef5-5f70-8dc9-bcec0cd444f8', '5984fdaa-1e0e-68c7-3e2b-e89ea5388e0b', 3, NULL, -708, -202792791, -1646873555, '1998-01-13 19:51:16.960', 16, '2019-01-27 01:39:04.960', 166966, 236823387.14, 13216.35, 51, N'In respect that the raw draft of the content strategy the resource management. It should rather be regarded as an integral part of the product functionality the global management concepts and represents basic principles of the optimization scenario. Thus a complete understanding is missing.  ', N'It''s a well-known fact that the capacity of the treatment results in a complete compliance with the proper hardware of the draft analysis and prior decisions and early design solutions.  ', 0)
INSERT dbo.Project(Oid, Name, Address, Client, Manager, Foreman, OptimisticLockField, GCRecord, Balance, BalanceByMaterial, BalanceByWork, PlaningStartDate, Status, FinishDate, Area, WorkPriceRate, WorkersPriceRate, RemainderTheAdvance, PlanfixWorkTask, PlanfixChangeRequestTask, UseAnalytics) VALUES ('202ae9eb-75ea-4f00-3114-9ad3d3072fe3', NULL, NULL, NULL, '4f7021f5-7800-11be-0a02-eefebbd653b8', '397bc919-4888-5ab2-402b-e89ea5388e0b', NULL, NULL, NULL, -1657513162, -659058800, NULL, 99, NULL, 76936, NULL, 391791.28, -9, NULL, N'Besides, the possibility of achieving any direct access to key resources, as far as the critical thinking is questionable, becomes even more complex when compared with any interconnection of structured technology analysis with productivity boosting. This may be done through the ground-breaking technology.  ', NULL)
INSERT dbo.Project(Oid, Name, Address, Client, Manager, Foreman, OptimisticLockField, GCRecord, Balance, BalanceByMaterial, BalanceByWork, PlaningStartDate, Status, FinishDate, Area, WorkPriceRate, WorkersPriceRate, RemainderTheAdvance, PlanfixWorkTask, PlanfixChangeRequestTask, UseAnalytics) VALUES ('39e40431-57bb-7682-b633-62dd4e858bad', N'Cabceivaquphone', N'1049 NE Chapel Hill Road, Olympia, Washington, 36243', '244bd1b5-7428-4b87-0702-eefebbd653b8', '699acaa2-66da-563a-1702-ce5da15ac776', '5f0a8444-3de1-3f02-eeb6-6f4dd73eba9e', 1, NULL, -710298885, -1832436217, -682, '1990-02-03 01:02:11.670', 17, '2012-04-10 21:44:07.670', 93020, 26573793.28, 154974.23, -1154168067, N'Focusing on the latest investigations, we can positively say that the explicit examination of set of system properties has a long history of the system mechanism. Therefore, the concept of the major and minor objectives can be treated as the only solution.  ', N'What is more, some of the arguments and claims highlights the importance of the proper practice of the principles of effective management.  ', 1)
INSERT dbo.Project(Oid, Name, Address, Client, Manager, Foreman, OptimisticLockField, GCRecord, Balance, BalanceByMaterial, BalanceByWork, PlaningStartDate, Status, FinishDate, Area, WorkPriceRate, WorkersPriceRate, RemainderTheAdvance, PlanfixWorkTask, PlanfixChangeRequestTask, UseAnalytics) VALUES ('7dbc0370-219d-568a-cf7e-e08e331d25c7', N'Cabculgara', N'2285 SW Meadowview Ln, Macy''s Building, Salt Lake City, Utah, 38926', '43624c49-472d-4810-f296-94965a4eaa62', '244bd1b5-7428-4b87-0702-eefebbd653b8', '5e306560-6b07-2cdf-5b76-66508ad02725', 10, NULL, -616330979, -618632194, -1085285290, '1994-08-25 17:47:50.930', 89, '2007-09-14 05:58:31.930', 693332, 155149109.88, 108295.9, -70, N'First and foremost, the influence of the relation between the first-class package and the major decisions, that lie behind the final draft provides a strict control over the network development. Thus a complete understanding is missing.  ', N'Under the assumption that the understanding of the great significance of the influence on eventual productivity shows a stable performance in development of the feedback system. We must be ready for effective time management and major outcomes investigation of the task analysis. It should rather be regarded as an integral part of the development methodology.  ', 1)
INSERT dbo.Project(Oid, Name, Address, Client, Manager, Foreman, OptimisticLockField, GCRecord, Balance, BalanceByMaterial, BalanceByWork, PlaningStartDate, Status, FinishDate, Area, WorkPriceRate, WorkersPriceRate, RemainderTheAdvance, PlanfixWorkTask, PlanfixChangeRequestTask, UseAnalytics) VALUES ('2c192596-1720-528a-22be-eaf7cc272319', N'Refindgaer', N'323 Mountain Loop, 257 Towers Building, Hartford, CT, 90426', '51d8cc33-7be1-161f-f396-94965a4eaa62', '7959e1dd-2e0b-4306-7a7e-3e3b283cabde', '228bfc03-38db-4741-f096-94965a4eaa62', 2, NULL, -1433476561, -2001967586, 672, '1995-05-18 17:40:36.090', 16, '2009-10-13 22:47:49.090', 257822, 154485222.94, 358006.17, -1300911931, N'It should not be neglected that an basic component of the matter of the sufficient amount will possibly result in the basic reason of the structure absorption or the major and minor objectives.  ', N'Fortunately, components of one of the data management and data architecture framework benefits from permanent interrelation with the valuable information on a modern economy.  ', 0)
INSERT dbo.Project(Oid, Name, Address, Client, Manager, Foreman, OptimisticLockField, GCRecord, Balance, BalanceByMaterial, BalanceByWork, PlaningStartDate, Status, FinishDate, Area, WorkPriceRate, WorkersPriceRate, RemainderTheAdvance, PlanfixWorkTask, PlanfixChangeRequestTask, UseAnalytics) VALUES ('1d11b286-78df-2715-475f-1885b89fc8fc', N'Armholdicer', N'2417 W Riverview Lane, Columbia, SC, 47432', '6f0fc907-5bf7-6e28-ef96-94965a4eaa62', '66a18612-296a-25b0-d94b-16e575b61049', '36460dcf-323b-1391-8ec9-bcec0cd444f8', 6, NULL, -143147290, -2090886010, 33, '1997-02-04 16:18:31.780', 17, '2011-08-07 08:45:02.780', NULL, 446970963.44, 259194, -58, N'In a similar manner, either tasks priority management or ability bias the more entity integrity of the key factor the source of permanent growth. This could approximately be a result of a technical requirements.  ', N'We must bear in mind that violations of the ability bias will require a vast knowledge. To put it simply, discussions of the treatment involves some problems with the source of permanent growth. It may reveal how the matrix of available presumably the ultimate advantage of exposed broadband over alternate practices what can be classified as the flexible production planning.  ', 1)
INSERT dbo.Project(Oid, Name, Address, Client, Manager, Foreman, OptimisticLockField, GCRecord, Balance, BalanceByMaterial, BalanceByWork, PlaningStartDate, Status, FinishDate, Area, WorkPriceRate, WorkersPriceRate, RemainderTheAdvance, PlanfixWorkTask, PlanfixChangeRequestTask, UseAnalytics) VALUES ('6b9b7137-3dd3-7b12-b733-62dd4e858bad', N'Recessar', N'3325 Red Flintwood Ct, Jefferson City, MO, 93893', '4abdf3c0-7507-7423-304d-4c0f86f26090', '5e306560-6b07-2cdf-5b76-66508ad02725', '202cad24-4598-16cf-1a02-ce5da15ac776', 2, NULL, -1721783868, -1801925090, -1752721928, '2003-04-06 13:36:40.740', 94, '2019-01-29 17:25:27.740', 184063, 39162722.98, 399509.27, -580553231, N'To straighten it out, the influence of the relation between the structural comparison, based on sequence analysis and the strategic management gives rise to the general features and possibilities of the structured technology analysis.  ', N'As concerns the condition of the development methodology, it can be quite risky. But then again, the lack of knowledge of the center of the software engineering concepts and practices provides a solid basis for the operating speed model. This could ridiculously be a result of a feedback system.  ', 1)
INSERT dbo.Project(Oid, Name, Address, Client, Manager, Foreman, OptimisticLockField, GCRecord, Balance, BalanceByMaterial, BalanceByWork, PlaningStartDate, Status, FinishDate, Area, WorkPriceRate, WorkersPriceRate, RemainderTheAdvance, PlanfixWorkTask, PlanfixChangeRequestTask, UseAnalytics) VALUES ('3778fd78-672b-358c-5e32-9a0257d67b47', N'Subholdinra', N'780 SW Rock Hill Blvd, MidAmerican Building, Jefferson City, MO, 78278', '36a4260a-7f6c-2ec6-f2b6-6f4dd73eba9e', '36ce1756-1d21-7373-f1b6-6f4dd73eba9e', NULL, 2, NULL, -1277290054, -4, NULL, '2003-03-13 17:59:26.560', NULL, '2014-05-07 10:47:36.560', 712354, 681968710.15, 414175.66, -1096970874, N'All in all, the results of the strategic decision combines the benefits of data integrity and the conceptual design.  ', N'As a matter of fact, the example of the corporate asset growth poses problems and challenges for both the content testing method and the preliminary action plan.  ', 1)
INSERT dbo.Project(Oid, Name, Address, Client, Manager, Foreman, OptimisticLockField, GCRecord, Balance, BalanceByMaterial, BalanceByWork, PlaningStartDate, Status, FinishDate, Area, WorkPriceRate, WorkersPriceRate, RemainderTheAdvance, PlanfixWorkTask, PlanfixChangeRequestTask, UseAnalytics) VALUES ('582165db-7775-1bec-2093-373516031d8e', N'Cabtaor', N'3705 Old Fox Hill Court, Olympia, WA, 93459', '244bd1b5-7428-4b87-0702-eefebbd653b8', '5ebb6116-1627-3f70-0602-eefebbd653b8', '36460dcf-323b-1391-8ec9-bcec0cd444f8', 9, NULL, -1335645343, -1731644245, -1557842413, '1997-06-22 20:45:41.940', 94, '2012-06-05 23:33:38.940', 480874, 69666440.82, 340771.6, -2103930497, N'It is worth emphasizing that the lack of knowledge of details of the ability bias can turn out to be a result of the ultimate advantage of mesmerizing feature over alternate practices.  ', N'As a matter of fact the basic layout for the organization of the functional programming has common features with the ultimate advantage of progressive manner over alternate practices.  ', 1)
INSERT dbo.Project(Oid, Name, Address, Client, Manager, Foreman, OptimisticLockField, GCRecord, Balance, BalanceByMaterial, BalanceByWork, PlaningStartDate, Status, FinishDate, Area, WorkPriceRate, WorkersPriceRate, RemainderTheAdvance, PlanfixWorkTask, PlanfixChangeRequestTask, UseAnalytics) VALUES ('438f32b0-4d8e-4d3b-777d-18b43b6e1561', N'Cartnifiphone', N'2652 Mountain Street, Honolulu, Hawaii, 22654', '5f0a8444-3de1-3f02-eeb6-6f4dd73eba9e', '14735d5d-67ff-5dad-412b-e89ea5388e0b', NULL, 9, NULL, -567437996, -1803029224, NULL, '2000-02-25 07:41:31.890', NULL, '2016-08-27 15:18:37.890', 718797, 759036574.45, 260800.2, -5170773, N'For a number of reasons, the exceptional results of the significant improvement can turn out to be a result of an importance of the benefits of data integrity.  ', N'In the meantime core concept of the deep analysis facilitates access to the integration prospects. It should rather be regarded as an integral part of the productivity boost.  ', 1)
INSERT dbo.Project(Oid, Name, Address, Client, Manager, Foreman, OptimisticLockField, GCRecord, Balance, BalanceByMaterial, BalanceByWork, PlaningStartDate, Status, FinishDate, Area, WorkPriceRate, WorkersPriceRate, RemainderTheAdvance, PlanfixWorkTask, PlanfixChangeRequestTask, UseAnalytics) VALUES ('78a4e9cd-56c6-20b7-3b09-69a9b1bfbc32', N'Tabjectefry', N'975 East Front Ct, Des Moines, IA, 63493', '26c1e1f8-3a26-53fe-5876-66508ad02725', '69619ef2-1249-20fa-797e-3e3b283cabde', '6f0fc907-5bf7-6e28-ef96-94965a4eaa62', 0, NULL, -71, -1889033855, -330960972, '2004-06-11 09:22:46.760', 18, '2015-01-31 23:21:37.760', NULL, 309880281.71, 141705.56, -1568079284, N'On top of that core concept of the comprehensive methods highlights the importance of the conceptual design.  ', N'Though, the objectives of a significant portion of the system mechanism can be neglected in most cases, it should be realized that the design of the criterion gives a complete experience of the more share of corporate responsibilities of the storage area.  ', 0)
INSERT dbo.Project(Oid, Name, Address, Client, Manager, Foreman, OptimisticLockField, GCRecord, Balance, BalanceByMaterial, BalanceByWork, PlaningStartDate, Status, FinishDate, Area, WorkPriceRate, WorkersPriceRate, RemainderTheAdvance, PlanfixWorkTask, PlanfixChangeRequestTask, UseAnalytics) VALUES ('167940ec-16a3-126a-d07e-e08e331d25c7', N'Anmutupscope', N'3928 Front Blvd, Appartment 10, Topeka, Kansas, 59925', '69619ef2-1249-20fa-797e-3e3b283cabde', NULL, '481c748b-2a85-2a28-efb6-6f4dd73eba9e', 9, NULL, -1042030759, NULL, 9435, '2002-03-25 18:40:10.980', 14, '2016-04-21 21:23:31.980', 850762, 993080381.68, NULL, -438280475, N'But other than that, the major accomplishments, such as the major area of expertise, the integrated collection of software engineering standards, the network development or the final draft becomes a serious problem. Let''s consider, that the referential arguments in its influence on the progress of the existing network contributes to the capabilities of the preliminary action plan.  ', NULL, 0)
INSERT dbo.Project(Oid, Name, Address, Client, Manager, Foreman, OptimisticLockField, GCRecord, Balance, BalanceByMaterial, BalanceByWork, PlaningStartDate, Status, FinishDate, Area, WorkPriceRate, WorkersPriceRate, RemainderTheAdvance, PlanfixWorkTask, PlanfixChangeRequestTask, UseAnalytics) VALUES ('170880fb-26de-46be-23be-eaf7cc272319', N'Tweetwoofer', N'769 NW Brentwood Dr, Albany, NY, 95600', '6f0fc907-5bf7-6e28-ef96-94965a4eaa62', '4abdf3c0-7507-7423-304d-4c0f86f26090', '228bfc03-38db-4741-f096-94965a4eaa62', 5, NULL, -9438, -964190752, -3, '2004-06-10 15:26:23.100', 24, '2008-12-03 15:05:10.100', 489818, 378133300.8, 367869.8, -2099996075, N'In any case, the commitment to quality assurance in its influence on the patterns of the set of system properties contributes to the capabilities of the conceptual design.  ', N'In addition, the explicit examination of principles of effective management indicates the importance of the minor details of set of system properties.  ', 1)
INSERT dbo.Project(Oid, Name, Address, Client, Manager, Foreman, OptimisticLockField, GCRecord, Balance, BalanceByMaterial, BalanceByWork, PlaningStartDate, Status, FinishDate, Area, WorkPriceRate, WorkersPriceRate, RemainderTheAdvance, PlanfixWorkTask, PlanfixChangeRequestTask, UseAnalytics) VALUES ('68510dbd-7f5a-2514-5f32-9a0257d67b47', N'Comlifiscope', N'2993 NW Woodside Hwy, 257 Towers Bldg, Columbia, SC, 90839', '43624c49-472d-4810-f296-94965a4eaa62', '51d8cc33-7be1-161f-f396-94965a4eaa62', NULL, 7, NULL, -2016898460, -1097364585, NULL, '1992-03-17 13:59:31.220', NULL, '2013-12-25 03:57:01.220', NULL, 993255679.28, 487508.95, 804, N'Eventually, components of the growth of the continuing support focuses our attention on what can be classified as the predictable behavior.  ', N'To sort everything out, it is worth mentioning that a closer study of the base configuration constantly illustrates the utter importance of the diverse sources of information. Therefore, the concept of the principles of effective management can be treated as the only solution.  ', 1)
INSERT dbo.Project(Oid, Name, Address, Client, Manager, Foreman, OptimisticLockField, GCRecord, Balance, BalanceByMaterial, BalanceByWork, PlaningStartDate, Status, FinishDate, Area, WorkPriceRate, WorkersPriceRate, RemainderTheAdvance, PlanfixWorkTask, PlanfixChangeRequestTask, UseAnalytics) VALUES ('1bda45a4-5e6a-27d2-3214-9ad3d3072fe3', N'Mictinadar', N'500 SE Riddle Hill Ave, Bartlett Building, Olympia, WA, 05772', '24fee4c1-709c-79d6-1802-ce5da15ac776', '36ce1756-1d21-7373-f1b6-6f4dd73eba9e', '66b0e9ee-53c2-4a98-432b-e89ea5388e0b', 8, NULL, -1254014531, -623, -1910706148, '1998-06-30 20:36:59.390', 83, '2018-03-16 19:01:25.390', 660996, 233082162.51, 493447.66, -575382459, N'First and foremost, the raw draft of the critical acclaim of the makes no difference to this functional programming. This can eventually cause certain issues.  ', N'In a similar manner, in the context of basic feature gives rise to the coherent software. It should rather be regarded as an integral part of the feedback system.  ', 0)
INSERT dbo.Project(Oid, Name, Address, Client, Manager, Foreman, OptimisticLockField, GCRecord, Balance, BalanceByMaterial, BalanceByWork, PlaningStartDate, Status, FinishDate, Area, WorkPriceRate, WorkersPriceRate, RemainderTheAdvance, PlanfixWorkTask, PlanfixChangeRequestTask, UseAnalytics) VALUES ('57670afb-1567-17fd-787d-18b43b6e1561', N'Miclifiollphone', N'3838 Flintwood Street, Judge Bldg, Dover, DE, 55829', '669afd3f-720a-6e34-1902-ce5da15ac776', '5aa02579-73ed-23cd-314d-4c0f86f26090', '1259a17c-69e8-7a1c-da4b-16e575b61049', 3, NULL, -152321114, -1504534386, -1723304573, '2001-11-08 01:48:48.350', 50, '2011-03-10 15:43:12.350', NULL, 711781329.6, 491069.53, -1676375238, N'Surprisingly, dimensions of the treatment offers good prospects for improvement of the consequential risks. This seems to be a formally obvious step towards the specific action result.  ', N'It is obvious, that the exceptional results of the corporate competitiveness has common features with the basics of planning and scheduling. This seems to be a fully obvious step towards the feedback system.  ', 0)
INSERT dbo.Project(Oid, Name, Address, Client, Manager, Foreman, OptimisticLockField, GCRecord, Balance, BalanceByMaterial, BalanceByWork, PlaningStartDate, Status, FinishDate, Area, WorkPriceRate, WorkersPriceRate, RemainderTheAdvance, PlanfixWorkTask, PlanfixChangeRequestTask, UseAnalytics) VALUES ('31bc6e74-7ec1-593a-6032-9a0257d67b47', N'Amptaeper', N'2842 Stonewood Ct, Penobscot Bldg, Bismarck, North Dakota, 65981', '751604f5-1e51-6d47-3f2b-e89ea5388e0b', '284445b2-65be-4f66-422b-e89ea5388e0b', '5e306560-6b07-2cdf-5b76-66508ad02725', 2, NULL, 8, -328723685, -1877968246, '1998-04-15 17:29:36.690', 89, '2009-05-05 03:42:53.690', 12423, 220680654.87, 392721.35, 53, N'It is undeniable that the basic reason of the vital decisions the systolic approach. Therefore, the concept of the primary element can be treated as the only solution the predictable behavior. We must be ready for systems approach and specific action result investigation of the functional testing. It should rather be regarded as an integral part of the individual elements.  ', N'Keeping in mind that the core principles remains the crucial component of the final phase.  ', 0)
INSERT dbo.Project(Oid, Name, Address, Client, Manager, Foreman, OptimisticLockField, GCRecord, Balance, BalanceByMaterial, BalanceByWork, PlaningStartDate, Status, FinishDate, Area, WorkPriceRate, WorkersPriceRate, RemainderTheAdvance, PlanfixWorkTask, PlanfixChangeRequestTask, UseAnalytics) VALUES ('17907d4e-7c0c-5df6-b833-62dd4e858bad', N'Bitaentor', N'3527 Beachwood Ct, Keith Building, Raleigh, NC, 46725', '228bfc03-38db-4741-f096-94965a4eaa62', '36a4260a-7f6c-2ec6-f2b6-6f4dd73eba9e', '202cad24-4598-16cf-1a02-ce5da15ac776', 7, NULL, -71, -37, -1057751127, '2004-05-03 00:43:24.030', 1, '2012-12-08 06:40:43.030', 272297, 920460604.14, 98495.73, 9, N'Alas, the conventional notion of a broad understanding of the product design and development needs to be processed together with the the entire picture.  ', N'The public in general tend to believe that a closer study of the major outcomes represents a bond between the ability bias and complete failure of the supposed theory.  ', 1)
INSERT dbo.Project(Oid, Name, Address, Client, Manager, Foreman, OptimisticLockField, GCRecord, Balance, BalanceByMaterial, BalanceByWork, PlaningStartDate, Status, FinishDate, Area, WorkPriceRate, WorkersPriceRate, RemainderTheAdvance, PlanfixWorkTask, PlanfixChangeRequestTask, UseAnalytics) VALUES ('5f4ef1d4-6cef-1cfb-0848-b983316b8374', N'Speakcessuper', N'3030 White Waterview Parkway, Hartford, CT, 01573', '2f8a5a0d-54fa-587b-5676-66508ad02725', '58fc185f-1925-3117-334d-4c0f86f26090', '228bfc03-38db-4741-f096-94965a4eaa62', 1, NULL, -452053907, -1966550668, -9, '1999-06-01 23:39:55.150', 85, '2008-11-27 03:07:32.150', NULL, 259443861.74, 255217.52, -240867754, N'In short, any further consideration will require a vast knowledge. Conversely, either market tendencies or resource management would facilitate the development of the prominent landmarks.  ', N'To sort everything out, it is worth mentioning that the major accomplishments, such as the corporate asset growth, the structural comparison, based on sequence analysis, the individual elements or the development process  manages to obtain the crucial component. It should rather be regarded as an integral part of the production cycle.  ', 0)
INSERT dbo.Project(Oid, Name, Address, Client, Manager, Foreman, OptimisticLockField, GCRecord, Balance, BalanceByMaterial, BalanceByWork, PlaningStartDate, Status, FinishDate, Area, WorkPriceRate, WorkersPriceRate, RemainderTheAdvance, PlanfixWorkTask, PlanfixChangeRequestTask, UseAnalytics) VALUES ('169b892d-4fb7-2a17-2193-373516031d8e', N'Cleanplottoller', N'2936 Hidden Social Ln, Raleigh, NC, 84461', '1a361dba-2edd-6ebd-324d-4c0f86f26090', '58fc185f-1925-3117-334d-4c0f86f26090', '43624c49-472d-4810-f296-94965a4eaa62', 2, NULL, 0, -2007347795, -3, '2004-02-12 17:20:26.360', 14, '2016-04-25 03:57:36.360', 443768, 220131585.34, 118364.36, -1898936079, N'As for some of the first-class package, it is clear that study of extended practices seems to exceedingly change the paradigm of the entire picture.  ', N'Though, the objectives of the capacity of the emergency planning can be neglected in most cases, it should be realized that components of the structure of the operations research should correlate with the primary element. The expertise is quite a bold matter.  ', 1)
INSERT dbo.Project(Oid, Name, Address, Client, Manager, Foreman, OptimisticLockField, GCRecord, Balance, BalanceByMaterial, BalanceByWork, PlaningStartDate, Status, FinishDate, Area, WorkPriceRate, WorkersPriceRate, RemainderTheAdvance, PlanfixWorkTask, PlanfixChangeRequestTask, UseAnalytics) VALUES ('6c4ebe20-31c5-1ec9-0948-b983316b8374', N'Playtopedphone', N'518 Ashwood Pkwy, Standard Building, Albany, NY, 31781', '36460dcf-323b-1391-8ec9-bcec0cd444f8', '37e456ed-14a3-6717-f3b6-6f4dd73eba9e', '5e306560-6b07-2cdf-5b76-66508ad02725', 7, NULL, -832494209, -1446550821, -810110848, '1992-10-16 03:15:56.550', 82, '2014-04-06 05:28:18.550', 912718, 879716819.64, 82085.8, -1476562283, N'In the meantime final stages of the storage area the sources and influences of the system concepts. Therefore, the concept of the feedback system can be treated as the only solution general tendency of the ultimate advantage of insignificant record over alternate practices.  ', N'Whatever the case, the major accomplishments, such as the hardware maintenance, the operating speed model, the continuing ratio doctrine or the matrix of available would facilitate the development of complete failure of the supposed theory.  ', 0)
INSERT dbo.Project(Oid, Name, Address, Client, Manager, Foreman, OptimisticLockField, GCRecord, Balance, BalanceByMaterial, BalanceByWork, PlaningStartDate, Status, FinishDate, Area, WorkPriceRate, WorkersPriceRate, RemainderTheAdvance, PlanfixWorkTask, PlanfixChangeRequestTask, UseAnalytics) VALUES ('3813ed54-50cb-5d88-485f-1885b89fc8fc', N'Subbandator', N'768 Red Lake Ave, Comcast Building, Charleston, West Virginia, 20485', '5984fdaa-1e0e-68c7-3e2b-e89ea5388e0b', '66a18612-296a-25b0-d94b-16e575b61049', '4abdf3c0-7507-7423-304d-4c0f86f26090', 2, NULL, 41, -1318982523, -6316, '1990-08-28 17:24:00.360', 73, '2009-03-02 21:47:16.360', 166790, 63350016.42, 435352.06, -1779862421, N'The majority of examinations of the core impacts show that dimensions of the internal policy is getting more complicated against the backdrop of the structural comparison, based on sequence analysis. It should rather be regarded as an integral part of the emergency planning.  ', N'Let''s consider, that there is a direct relation between the relational approach and in terms of the flexible production planning. However, the edge of the basics of planning and scheduling minimizes influence of the strategic management. Therefore, the concept of the grand strategy can be treated as the only solution.  ', 1)
INSERT dbo.Project(Oid, Name, Address, Client, Manager, Foreman, OptimisticLockField, GCRecord, Balance, BalanceByMaterial, BalanceByWork, PlaningStartDate, Status, FinishDate, Area, WorkPriceRate, WorkersPriceRate, RemainderTheAdvance, PlanfixWorkTask, PlanfixChangeRequestTask, UseAnalytics) VALUES ('1faf0e4a-4d03-3578-3314-9ad3d3072fe3', N'Biplottimer', N'348 E Ski Hill Road, Buhl Bldg, Madison, Wisconsin, 08659', '69619ef2-1249-20fa-797e-3e3b283cabde', '43624c49-472d-4810-f296-94965a4eaa62', '26c1e1f8-3a26-53fe-5876-66508ad02725', 7, NULL, 5620, 378, -4, '1994-03-19 00:00:43.240', 43, '2006-10-26 19:40:08.240', 748784, 188695907.18, 95359, -746898554, N'Quite possibly, discussions of the mechanism gives rise to the positive influence of any optimization scenario.  ', N'To sort everything out, it is worth mentioning that the accurate predictions of the competitive development and manufacturing becomes extremely important for the general features and possibilities of the corporate ethics and philosophy.  ', 0)
INSERT dbo.Project(Oid, Name, Address, Client, Manager, Foreman, OptimisticLockField, GCRecord, Balance, BalanceByMaterial, BalanceByWork, PlaningStartDate, Status, FinishDate, Area, WorkPriceRate, WorkersPriceRate, RemainderTheAdvance, PlanfixWorkTask, PlanfixChangeRequestTask, UseAnalytics) VALUES ('5346a8b8-32e1-6513-797d-18b43b6e1561', N'Tabwoofer', N'501 NE Rock Hill Avenue, Montgomery, Alabama, 42156', '61e25755-3de1-1adf-8fc9-bcec0cd444f8', NULL, '7a311573-456f-56e3-0902-eefebbd653b8', 2, NULL, -595678845, NULL, -183464709, '2002-10-13 04:20:19.000', 38, '2010-03-27 08:25:29.000', 965246, 617743528.1, NULL, -3114, N'Perhaps we should also point out the fact that a huge improvement of the treatment represents a bond between the literally developed techniques and the entity integrity or the well-known practice.  ', NULL, 0)
INSERT dbo.Project(Oid, Name, Address, Client, Manager, Foreman, OptimisticLockField, GCRecord, Balance, BalanceByMaterial, BalanceByWork, PlaningStartDate, Status, FinishDate, Area, WorkPriceRate, WorkersPriceRate, RemainderTheAdvance, PlanfixWorkTask, PlanfixChangeRequestTask, UseAnalytics) VALUES ('6b4b77f4-7e44-245e-2293-373516031d8e', N'Cabtinplry', N'1811 Hunting Hill Circle, Austin, Texas, 58343', '5984fdaa-1e0e-68c7-3e2b-e89ea5388e0b', NULL, '2dc6dc0b-307b-3bde-5c76-66508ad02725', 10, NULL, -9566, NULL, 8301, '1996-12-14 06:06:38.560', 6, '2017-01-05 05:11:38.560', 154718, 356725357.69, NULL, NULL, N'In the meantime a surprising flexibility in the structure of the final phase can partly be used for an initial attempt in development of the potential role models.  ', NULL, 1)
GO

--
-- Inserting data into table dbo.Bank
--
INSERT dbo.Bank(Oid, AccountType) VALUES ('202cad24-4598-16cf-1a02-ce5da15ac776', NULL)
INSERT dbo.Bank(Oid, AccountType) VALUES ('66b0e9ee-53c2-4a98-432b-e89ea5388e0b', 'f35c264e-9c7f-449b-ba68-f4e71f71e97e')
INSERT dbo.Bank(Oid, AccountType) VALUES ('2dc6dc0b-307b-3bde-5c76-66508ad02725', '2126ef07-0276-4440-b71c-c353516a0946')
INSERT dbo.Bank(Oid, AccountType) VALUES ('1259a17c-69e8-7a1c-da4b-16e575b61049', 'a126415b-734d-4d05-bf68-f888d680c5ba')
INSERT dbo.Bank(Oid, AccountType) VALUES ('5aa02579-73ed-23cd-314d-4c0f86f26090', NULL)
INSERT dbo.Bank(Oid, AccountType) VALUES ('7a311573-456f-56e3-0902-eefebbd653b8', 'f35c264e-9c7f-449b-ba68-f4e71f71e97e')
INSERT dbo.Bank(Oid, AccountType) VALUES ('3f22df3a-3b15-3b5a-787e-3e3b283cabde', 'a126415b-734d-4d05-bf68-f888d680c5ba')
INSERT dbo.Bank(Oid, AccountType) VALUES ('4f7021f5-7800-11be-0a02-eefebbd653b8', '2126ef07-0276-4440-b71c-c353516a0946')
INSERT dbo.Bank(Oid, AccountType) VALUES ('1a361dba-2edd-6ebd-324d-4c0f86f26090', NULL)
INSERT dbo.Bank(Oid, AccountType) VALUES ('7959e1dd-2e0b-4306-7a7e-3e3b283cabde', '2126ef07-0276-4440-b71c-c353516a0946')
INSERT dbo.Bank(Oid, AccountType) VALUES ('1257615f-5ea8-6cd9-0b02-eefebbd653b8', 'a126415b-734d-4d05-bf68-f888d680c5ba')
INSERT dbo.Bank(Oid, AccountType) VALUES ('7e919581-5fd4-1caf-5776-66508ad02725', 'f35c264e-9c7f-449b-ba68-f4e71f71e97e')
INSERT dbo.Bank(Oid, AccountType) VALUES ('58fc185f-1925-3117-334d-4c0f86f26090', NULL)
INSERT dbo.Bank(Oid, AccountType) VALUES ('699acaa2-66da-563a-1702-ce5da15ac776', 'a126415b-734d-4d05-bf68-f888d680c5ba')
INSERT dbo.Bank(Oid, AccountType) VALUES ('37e456ed-14a3-6717-f3b6-6f4dd73eba9e', '2126ef07-0276-4440-b71c-c353516a0946')
INSERT dbo.Bank(Oid, AccountType) VALUES ('51d8cc33-7be1-161f-f396-94965a4eaa62', 'f35c264e-9c7f-449b-ba68-f4e71f71e97e')
INSERT dbo.Bank(Oid, AccountType) VALUES ('24fee4c1-709c-79d6-1802-ce5da15ac776', NULL)
INSERT dbo.Bank(Oid, AccountType) VALUES ('14735d5d-67ff-5dad-412b-e89ea5388e0b', '2126ef07-0276-4440-b71c-c353516a0946')
INSERT dbo.Bank(Oid, AccountType) VALUES ('5ebb6116-1627-3f70-0602-eefebbd653b8', 'a126415b-734d-4d05-bf68-f888d680c5ba')
INSERT dbo.Bank(Oid, AccountType) VALUES ('43624c49-472d-4810-f296-94965a4eaa62', 'f35c264e-9c7f-449b-ba68-f4e71f71e97e')
INSERT dbo.Bank(Oid, AccountType) VALUES ('36a4260a-7f6c-2ec6-f2b6-6f4dd73eba9e', NULL)
INSERT dbo.Bank(Oid, AccountType) VALUES ('669afd3f-720a-6e34-1902-ce5da15ac776', '2126ef07-0276-4440-b71c-c353516a0946')
INSERT dbo.Bank(Oid, AccountType) VALUES ('2f1172a9-1b5d-6fc4-777e-3e3b283cabde', 'a126415b-734d-4d05-bf68-f888d680c5ba')
INSERT dbo.Bank(Oid, AccountType) VALUES ('244bd1b5-7428-4b87-0702-eefebbd653b8', 'f35c264e-9c7f-449b-ba68-f4e71f71e97e')
INSERT dbo.Bank(Oid, AccountType) VALUES ('228bfc03-38db-4741-f096-94965a4eaa62', NULL)
INSERT dbo.Bank(Oid, AccountType) VALUES ('36ce1756-1d21-7373-f1b6-6f4dd73eba9e', '2126ef07-0276-4440-b71c-c353516a0946')
INSERT dbo.Bank(Oid, AccountType) VALUES ('6c4c1f9b-1644-2620-5976-66508ad02725', 'f35c264e-9c7f-449b-ba68-f4e71f71e97e')
INSERT dbo.Bank(Oid, AccountType) VALUES ('3a6dba26-6960-6953-d74b-16e575b61049', 'a126415b-734d-4d05-bf68-f888d680c5ba')
INSERT dbo.Bank(Oid, AccountType) VALUES ('26c1e1f8-3a26-53fe-5876-66508ad02725', NULL)
INSERT dbo.Bank(Oid, AccountType) VALUES ('5f00c41b-39dc-51ee-0802-eefebbd653b8', '2126ef07-0276-4440-b71c-c353516a0946')
INSERT dbo.Bank(Oid, AccountType) VALUES ('36460dcf-323b-1391-8ec9-bcec0cd444f8', 'a126415b-734d-4d05-bf68-f888d680c5ba')
INSERT dbo.Bank(Oid, AccountType) VALUES ('2f8a5a0d-54fa-587b-5676-66508ad02725', 'f35c264e-9c7f-449b-ba68-f4e71f71e97e')
INSERT dbo.Bank(Oid, AccountType) VALUES ('284445b2-65be-4f66-422b-e89ea5388e0b', NULL)
INSERT dbo.Bank(Oid, AccountType) VALUES ('336d8f99-255d-646e-f0b6-6f4dd73eba9e', '2126ef07-0276-4440-b71c-c353516a0946')
INSERT dbo.Bank(Oid, AccountType) VALUES ('1b3166b4-1301-5956-5a76-66508ad02725', 'a126415b-734d-4d05-bf68-f888d680c5ba')
INSERT dbo.Bank(Oid, AccountType) VALUES ('5e306560-6b07-2cdf-5b76-66508ad02725', 'f35c264e-9c7f-449b-ba68-f4e71f71e97e')
INSERT dbo.Bank(Oid, AccountType) VALUES ('66a18612-296a-25b0-d94b-16e575b61049', NULL)
INSERT dbo.Bank(Oid, AccountType) VALUES ('751604f5-1e51-6d47-3f2b-e89ea5388e0b', 'f35c264e-9c7f-449b-ba68-f4e71f71e97e')
INSERT dbo.Bank(Oid, AccountType) VALUES ('6f0fc907-5bf7-6e28-ef96-94965a4eaa62', '2126ef07-0276-4440-b71c-c353516a0946')
INSERT dbo.Bank(Oid, AccountType) VALUES ('5f0a8444-3de1-3f02-eeb6-6f4dd73eba9e', 'a126415b-734d-4d05-bf68-f888d680c5ba')
INSERT dbo.Bank(Oid, AccountType) VALUES ('69619ef2-1249-20fa-797e-3e3b283cabde', NULL)
INSERT dbo.Bank(Oid, AccountType) VALUES ('1a591774-4565-7236-90c9-bcec0cd444f8', '2126ef07-0276-4440-b71c-c353516a0946')
INSERT dbo.Bank(Oid, AccountType) VALUES ('5984fdaa-1e0e-68c7-3e2b-e89ea5388e0b', 'f35c264e-9c7f-449b-ba68-f4e71f71e97e')
INSERT dbo.Bank(Oid, AccountType) VALUES ('481c748b-2a85-2a28-efb6-6f4dd73eba9e', 'a126415b-734d-4d05-bf68-f888d680c5ba')
INSERT dbo.Bank(Oid, AccountType) VALUES ('49bdab11-1115-7150-d84b-16e575b61049', NULL)
INSERT dbo.Bank(Oid, AccountType) VALUES ('4abdf3c0-7507-7423-304d-4c0f86f26090', 'f35c264e-9c7f-449b-ba68-f4e71f71e97e')
INSERT dbo.Bank(Oid, AccountType) VALUES ('61e25755-3de1-1adf-8fc9-bcec0cd444f8', '2126ef07-0276-4440-b71c-c353516a0946')
INSERT dbo.Bank(Oid, AccountType) VALUES ('1e3453a2-3ef5-5f70-8dc9-bcec0cd444f8', 'a126415b-734d-4d05-bf68-f888d680c5ba')
INSERT dbo.Bank(Oid, AccountType) VALUES ('397bc919-4888-5ab2-402b-e89ea5388e0b', NULL)
INSERT dbo.Bank(Oid, AccountType) VALUES ('499200b3-46a5-60a7-f196-94965a4eaa62', 'a126415b-734d-4d05-bf68-f888d680c5ba')
GO

--
-- Inserting data into table dbo.Cashbox
--
INSERT dbo.Cashbox(Oid, AccountType) VALUES ('7a311573-456f-56e3-0902-eefebbd653b8', 'a126415b-734d-4d05-bf68-f888d680c5ba')
INSERT dbo.Cashbox(Oid, AccountType) VALUES ('3a6dba26-6960-6953-d74b-16e575b61049', 'f35c264e-9c7f-449b-ba68-f4e71f71e97e')
INSERT dbo.Cashbox(Oid, AccountType) VALUES ('2dc6dc0b-307b-3bde-5c76-66508ad02725', NULL)
INSERT dbo.Cashbox(Oid, AccountType) VALUES ('3f22df3a-3b15-3b5a-787e-3e3b283cabde', '2126ef07-0276-4440-b71c-c353516a0946')
INSERT dbo.Cashbox(Oid, AccountType) VALUES ('2f8a5a0d-54fa-587b-5676-66508ad02725', 'a126415b-734d-4d05-bf68-f888d680c5ba')
INSERT dbo.Cashbox(Oid, AccountType) VALUES ('751604f5-1e51-6d47-3f2b-e89ea5388e0b', '2126ef07-0276-4440-b71c-c353516a0946')
INSERT dbo.Cashbox(Oid, AccountType) VALUES ('1a361dba-2edd-6ebd-324d-4c0f86f26090', NULL)
INSERT dbo.Cashbox(Oid, AccountType) VALUES ('1259a17c-69e8-7a1c-da4b-16e575b61049', 'f35c264e-9c7f-449b-ba68-f4e71f71e97e')
INSERT dbo.Cashbox(Oid, AccountType) VALUES ('51d8cc33-7be1-161f-f396-94965a4eaa62', 'f35c264e-9c7f-449b-ba68-f4e71f71e97e')
INSERT dbo.Cashbox(Oid, AccountType) VALUES ('202cad24-4598-16cf-1a02-ce5da15ac776', 'a126415b-734d-4d05-bf68-f888d680c5ba')
INSERT dbo.Cashbox(Oid, AccountType) VALUES ('1257615f-5ea8-6cd9-0b02-eefebbd653b8', NULL)
INSERT dbo.Cashbox(Oid, AccountType) VALUES ('14735d5d-67ff-5dad-412b-e89ea5388e0b', '2126ef07-0276-4440-b71c-c353516a0946')
INSERT dbo.Cashbox(Oid, AccountType) VALUES ('669afd3f-720a-6e34-1902-ce5da15ac776', 'a126415b-734d-4d05-bf68-f888d680c5ba')
INSERT dbo.Cashbox(Oid, AccountType) VALUES ('6f0fc907-5bf7-6e28-ef96-94965a4eaa62', 'f35c264e-9c7f-449b-ba68-f4e71f71e97e')
INSERT dbo.Cashbox(Oid, AccountType) VALUES ('244bd1b5-7428-4b87-0702-eefebbd653b8', NULL)
INSERT dbo.Cashbox(Oid, AccountType) VALUES ('36ce1756-1d21-7373-f1b6-6f4dd73eba9e', '2126ef07-0276-4440-b71c-c353516a0946')
INSERT dbo.Cashbox(Oid, AccountType) VALUES ('5f00c41b-39dc-51ee-0802-eefebbd653b8', '2126ef07-0276-4440-b71c-c353516a0946')
INSERT dbo.Cashbox(Oid, AccountType) VALUES ('284445b2-65be-4f66-422b-e89ea5388e0b', 'f35c264e-9c7f-449b-ba68-f4e71f71e97e')
INSERT dbo.Cashbox(Oid, AccountType) VALUES ('4f7021f5-7800-11be-0a02-eefebbd653b8', NULL)
INSERT dbo.Cashbox(Oid, AccountType) VALUES ('7959e1dd-2e0b-4306-7a7e-3e3b283cabde', 'a126415b-734d-4d05-bf68-f888d680c5ba')
INSERT dbo.Cashbox(Oid, AccountType) VALUES ('228bfc03-38db-4741-f096-94965a4eaa62', 'a126415b-734d-4d05-bf68-f888d680c5ba')
INSERT dbo.Cashbox(Oid, AccountType) VALUES ('5f0a8444-3de1-3f02-eeb6-6f4dd73eba9e', '2126ef07-0276-4440-b71c-c353516a0946')
INSERT dbo.Cashbox(Oid, AccountType) VALUES ('336d8f99-255d-646e-f0b6-6f4dd73eba9e', NULL)
INSERT dbo.Cashbox(Oid, AccountType) VALUES ('5984fdaa-1e0e-68c7-3e2b-e89ea5388e0b', 'f35c264e-9c7f-449b-ba68-f4e71f71e97e')
INSERT dbo.Cashbox(Oid, AccountType) VALUES ('6c4c1f9b-1644-2620-5976-66508ad02725', 'f35c264e-9c7f-449b-ba68-f4e71f71e97e')
INSERT dbo.Cashbox(Oid, AccountType) VALUES ('4abdf3c0-7507-7423-304d-4c0f86f26090', 'a126415b-734d-4d05-bf68-f888d680c5ba')
INSERT dbo.Cashbox(Oid, AccountType) VALUES ('58fc185f-1925-3117-334d-4c0f86f26090', NULL)
INSERT dbo.Cashbox(Oid, AccountType) VALUES ('43624c49-472d-4810-f296-94965a4eaa62', '2126ef07-0276-4440-b71c-c353516a0946')
INSERT dbo.Cashbox(Oid, AccountType) VALUES ('1b3166b4-1301-5956-5a76-66508ad02725', '2126ef07-0276-4440-b71c-c353516a0946')
INSERT dbo.Cashbox(Oid, AccountType) VALUES ('37e456ed-14a3-6717-f3b6-6f4dd73eba9e', 'f35c264e-9c7f-449b-ba68-f4e71f71e97e')
INSERT dbo.Cashbox(Oid, AccountType) VALUES ('7e919581-5fd4-1caf-5776-66508ad02725', NULL)
INSERT dbo.Cashbox(Oid, AccountType) VALUES ('699acaa2-66da-563a-1702-ce5da15ac776', 'a126415b-734d-4d05-bf68-f888d680c5ba')
INSERT dbo.Cashbox(Oid, AccountType) VALUES ('36a4260a-7f6c-2ec6-f2b6-6f4dd73eba9e', 'a126415b-734d-4d05-bf68-f888d680c5ba')
INSERT dbo.Cashbox(Oid, AccountType) VALUES ('26c1e1f8-3a26-53fe-5876-66508ad02725', '2126ef07-0276-4440-b71c-c353516a0946')
INSERT dbo.Cashbox(Oid, AccountType) VALUES ('5ebb6116-1627-3f70-0602-eefebbd653b8', NULL)
INSERT dbo.Cashbox(Oid, AccountType) VALUES ('36460dcf-323b-1391-8ec9-bcec0cd444f8', 'f35c264e-9c7f-449b-ba68-f4e71f71e97e')
INSERT dbo.Cashbox(Oid, AccountType) VALUES ('2f1172a9-1b5d-6fc4-777e-3e3b283cabde', '2126ef07-0276-4440-b71c-c353516a0946')
INSERT dbo.Cashbox(Oid, AccountType) VALUES ('5e306560-6b07-2cdf-5b76-66508ad02725', 'f35c264e-9c7f-449b-ba68-f4e71f71e97e')
INSERT dbo.Cashbox(Oid, AccountType) VALUES ('66a18612-296a-25b0-d94b-16e575b61049', NULL)
INSERT dbo.Cashbox(Oid, AccountType) VALUES ('5aa02579-73ed-23cd-314d-4c0f86f26090', 'a126415b-734d-4d05-bf68-f888d680c5ba')
INSERT dbo.Cashbox(Oid, AccountType) VALUES ('481c748b-2a85-2a28-efb6-6f4dd73eba9e', 'f35c264e-9c7f-449b-ba68-f4e71f71e97e')
INSERT dbo.Cashbox(Oid, AccountType) VALUES ('49bdab11-1115-7150-d84b-16e575b61049', 'a126415b-734d-4d05-bf68-f888d680c5ba')
INSERT dbo.Cashbox(Oid, AccountType) VALUES ('1e3453a2-3ef5-5f70-8dc9-bcec0cd444f8', NULL)
INSERT dbo.Cashbox(Oid, AccountType) VALUES ('69619ef2-1249-20fa-797e-3e3b283cabde', '2126ef07-0276-4440-b71c-c353516a0946')
INSERT dbo.Cashbox(Oid, AccountType) VALUES ('1a591774-4565-7236-90c9-bcec0cd444f8', '2126ef07-0276-4440-b71c-c353516a0946')
INSERT dbo.Cashbox(Oid, AccountType) VALUES ('397bc919-4888-5ab2-402b-e89ea5388e0b', 'a126415b-734d-4d05-bf68-f888d680c5ba')
INSERT dbo.Cashbox(Oid, AccountType) VALUES ('61e25755-3de1-1adf-8fc9-bcec0cd444f8', NULL)
INSERT dbo.Cashbox(Oid, AccountType) VALUES ('66b0e9ee-53c2-4a98-432b-e89ea5388e0b', 'f35c264e-9c7f-449b-ba68-f4e71f71e97e')
INSERT dbo.Cashbox(Oid, AccountType) VALUES ('499200b3-46a5-60a7-f196-94965a4eaa62', '2126ef07-0276-4440-b71c-c353516a0946')
INSERT dbo.Cashbox(Oid, AccountType) VALUES ('24fee4c1-709c-79d6-1802-ce5da15ac776', 'f35c264e-9c7f-449b-ba68-f4e71f71e97e')
GO

--
-- Inserting data into table dbo.Payment
--
INSERT dbo.Payment(Oid, Amount, Category, Project, Justification, Comment, Date, Payer, Payee, OptimisticLockField, GCRecord, CreateDate, CheckNumber, IsAuthorized, Number) VALUES ('1f60e54f-196f-45f3-5498-ae38c5379e4b', NULL, NULL, '5126a884-72e7-76eb-3909-69a9b1bfbc32', NULL, N'This could ridiculously be a result of a final draft.', NULL, '43624c49-472d-4810-f296-94965a4eaa62', '2f8a5a0d-54fa-587b-5676-66508ad02725', NULL, NULL, '2004-07-21 00:30:34.000', N'31862', NULL, N'82341')
INSERT dbo.Payment(Oid, Amount, Category, Project, Justification, Comment, Date, Payer, Payee, OptimisticLockField, GCRecord, CreateDate, CheckNumber, IsAuthorized, Number) VALUES ('13a507d0-342d-6292-6de3-2ceaa9cf3765', 93, '7249bf2e-4d51-4a97-b62e-632ffeedc961', '7f9589fa-2b58-5866-1c93-373516031d8e', N'The crash is quite a specific matter.', N'Therefore, the concept of the operating speed model can be treated as the only solution.', '1992-03-08 18:22:05.660', '14735d5d-67ff-5dad-412b-e89ea5388e0b', '26c1e1f8-3a26-53fe-5876-66508ad02725', 4, NULL, '1990-09-08 21:18:54.880', N'30090', 0, N'35616')
INSERT dbo.Payment(Oid, Amount, Category, Project, Justification, Comment, Date, Payer, Payee, OptimisticLockField, GCRecord, CreateDate, CheckNumber, IsAuthorized, Number) VALUES ('6e0dc48e-3eac-6143-9b66-a58ab8ff47ca', 22, 'a3228980-1fd3-4570-868b-b3911492664e', '6c4ebe20-31c5-1ec9-0948-b983316b8374', N'The control is quite a organizational matter.', N'Thus a complete understanding is missing.', '2005-06-11 11:15:02.260', '1a591774-4565-7236-90c9-bcec0cd444f8', '284445b2-65be-4f66-422b-e89ea5388e0b', 10, NULL, '1993-10-16 10:06:02.020', N'13550', 0, N'99399')
INSERT dbo.Payment(Oid, Amount, Category, Project, Justification, Comment, Date, Payer, Payee, OptimisticLockField, GCRecord, CreateDate, CheckNumber, IsAuthorized, Number) VALUES ('3650c04e-62b1-6908-5598-ae38c5379e4b', 93, '52399204-dd9b-485c-9ebc-78aa27d7e2e8', '1897a8f1-37fc-5c9c-3809-69a9b1bfbc32', N'It should rather be regarded as an integral part of the system mechanism.', N'Such tendency may uniquely originate from the development sequence.', '2002-10-25 15:00:17.980', '7e919581-5fd4-1caf-5776-66508ad02725', '1259a17c-69e8-7a1c-da4b-16e575b61049', 4, NULL, '2018-04-17 20:45:51.050', N'80185', 0, N'82060')
INSERT dbo.Payment(Oid, Amount, Category, Project, Justification, Comment, Date, Payer, Payee, OptimisticLockField, GCRecord, CreateDate, CheckNumber, IsAuthorized, Number) VALUES ('6827e1c0-5b98-6d19-831b-27d9d367aeb0', 67, '1ba76857-e16f-4c22-a75f-e79e5722adba', '167940ec-16a3-126a-d07e-e08e331d25c7', N'Thus a complete understanding is missing.', N'Thus a complete understanding is missing.', '1993-02-04 16:34:54.630', '2f1172a9-1b5d-6fc4-777e-3e3b283cabde', '61e25755-3de1-1adf-8fc9-bcec0cd444f8', 0, NULL, '2010-08-17 23:54:22.390', N'70235', 0, N'95270')
INSERT dbo.Payment(Oid, Amount, Category, Project, Justification, Comment, Date, Payer, Payee, OptimisticLockField, GCRecord, CreateDate, CheckNumber, IsAuthorized, Number) VALUES ('1949dae3-4d44-217e-9c66-a58ab8ff47ca', 81, '07ea1363-fd9d-4b15-ac3e-c98407443665', '5c549d77-1e58-4d4e-1fbe-eaf7cc272319', N'This can eventually cause certain issues.', N'To be quite frank, with help of the criterion the best practice patterns.', '2012-12-07 09:08:40.260', '202cad24-4598-16cf-1a02-ce5da15ac776', '336d8f99-255d-646e-f0b6-6f4dd73eba9e', 3, NULL, '2011-03-09 21:18:47.160', N'25376', 0, N'75258')
INSERT dbo.Payment(Oid, Amount, Category, Project, Justification, Comment, Date, Payer, Payee, OptimisticLockField, GCRecord, CreateDate, CheckNumber, IsAuthorized, Number) VALUES ('4958949d-17c9-454d-841b-27d9d367aeb0', 69, '8aa549ff-ee0f-445d-b539-7ca53116a737', '1752b8ca-19e4-4cd1-757d-18b43b6e1561', N'Thus a complete understanding is missing.', N'The framework is quite a crucial matter.', '2012-03-27 23:43:03.510', '397bc919-4888-5ab2-402b-e89ea5388e0b', '336d8f99-255d-646e-f0b6-6f4dd73eba9e', 2, NULL, '2012-07-03 07:53:51.450', N'54030', 1, N'51197')
INSERT dbo.Payment(Oid, Amount, Category, Project, Justification, Comment, Date, Payer, Payee, OptimisticLockField, GCRecord, CreateDate, CheckNumber, IsAuthorized, Number) VALUES ('47782bc9-1bf1-7c7b-6ee3-2ceaa9cf3765', 58, 'ac03d0b4-8060-4e8d-bef2-6b2382500dd0', NULL, N'Therefore, the concept of the ability bias can be treated as the only solution.', NULL, '2008-06-15 14:52:12.680', '397bc919-4888-5ab2-402b-e89ea5388e0b', '1257615f-5ea8-6cd9-0b02-eefebbd653b8', 2, NULL, NULL, N'58852', 1, N'96299')
INSERT dbo.Payment(Oid, Amount, Category, Project, Justification, Comment, Date, Payer, Payee, OptimisticLockField, GCRecord, CreateDate, CheckNumber, IsAuthorized, Number) VALUES ('1242d680-4f02-3bbb-9d66-a58ab8ff47ca', 54, NULL, '1ee39b95-6a6d-4cdf-5d32-9a0257d67b47', N'Thus a complete understanding is missing.', N'Thus a complete understanding is missing.', '1990-06-06 20:48:56.690', '699acaa2-66da-563a-1702-ce5da15ac776', '336d8f99-255d-646e-f0b6-6f4dd73eba9e', 9, NULL, '1991-06-05 01:55:48.280', N'26634', 1, N'26208')
INSERT dbo.Payment(Oid, Amount, Category, Project, Justification, Comment, Date, Payer, Payee, OptimisticLockField, GCRecord, CreateDate, CheckNumber, IsAuthorized, Number) VALUES ('114b715b-430f-74cd-d5c6-21b180c0988f', 27, 'bc5546da-69fa-4590-8023-e49a9150dff3', '6b9b7137-3dd3-7b12-b733-62dd4e858bad', N'The real reason of the specific action result habitually the application rules.', N'Such tendency may commonly originate from the comprehensive set of policy statements.', '1994-08-16 08:19:13.780', '36a4260a-7f6c-2ec6-f2b6-6f4dd73eba9e', '499200b3-46a5-60a7-f196-94965a4eaa62', 4, NULL, '2000-02-08 10:58:02.000', N'42721', 1, N'01467')
INSERT dbo.Payment(Oid, Amount, Category, Project, Justification, Comment, Date, Payer, Payee, OptimisticLockField, GCRecord, CreateDate, CheckNumber, IsAuthorized, Number) VALUES ('234be17d-3820-7daa-5698-ae38c5379e4b', 49, 'eeff9d97-f6d1-4318-9391-0a83f7fb9b46', '5a851e09-4a52-7284-0648-b983316b8374', N'By all means, the capability of the deep analysis provides a foundation for the feedback system.  ', N'Everyone understands what it takes to the application rules the irrelevance of deception.', '1991-03-10 09:59:58.950', '3f22df3a-3b15-3b5a-787e-3e3b283cabde', '69619ef2-1249-20fa-797e-3e3b283cabde', 4, NULL, '2009-05-22 11:07:57.330', N'68440', 0, N'26840')
INSERT dbo.Payment(Oid, Amount, Category, Project, Justification, Comment, Date, Payer, Payee, OptimisticLockField, GCRecord, CreateDate, CheckNumber, IsAuthorized, Number) VALUES ('3564d2c8-2839-5bf7-851b-27d9d367aeb0', 82, '0d0e2c4b-3bee-405a-a6b3-78dc4d4abb2c', '24c4b5df-5d2a-53c2-b533-62dd4e858bad', N'The analysis is quite a accumulative matter.', N'This can eventually cause certain issues.', '2008-10-22 11:18:09.610', '3f22df3a-3b15-3b5a-787e-3e3b283cabde', '1e3453a2-3ef5-5f70-8dc9-bcec0cd444f8', 4, NULL, '2007-06-24 08:48:24.040', N'06826', 0, N'98265')
INSERT dbo.Payment(Oid, Amount, Category, Project, Justification, Comment, Date, Payer, Payee, OptimisticLockField, GCRecord, CreateDate, CheckNumber, IsAuthorized, Number) VALUES ('7fa72f44-2825-2b26-d190-152dfadf6d0d', 52, '08a4bad6-f7b6-40ac-ab10-8a7f24ab536b', '5c549d77-1e58-4d4e-1fbe-eaf7cc272319', N'This can eventually cause certain issues.', N'This could systematically be a result of a prominent landmarks.', '1994-07-09 04:07:56.610', '5984fdaa-1e0e-68c7-3e2b-e89ea5388e0b', '228bfc03-38db-4741-f096-94965a4eaa62', 7, NULL, '2015-04-27 03:28:25.680', N'01752', 1, N'77381')
INSERT dbo.Payment(Oid, Amount, Category, Project, Justification, Comment, Date, Payer, Payee, OptimisticLockField, GCRecord, CreateDate, CheckNumber, IsAuthorized, Number) VALUES ('26895d47-1420-68d0-9e66-a58ab8ff47ca', 30, '37425433-0989-4271-a6fd-f32af5bf9b26', '438f32b0-4d8e-4d3b-777d-18b43b6e1561', N'Thus a complete understanding is missing.', N'This could presumably be a result of a critical acclaim of the.', '2018-12-26 10:52:59.030', '2f1172a9-1b5d-6fc4-777e-3e3b283cabde', '336d8f99-255d-646e-f0b6-6f4dd73eba9e', 7, NULL, '2008-12-14 05:13:18.190', N'48208', 0, N'58730')
INSERT dbo.Payment(Oid, Amount, Category, Project, Justification, Comment, Date, Payer, Payee, OptimisticLockField, GCRecord, CreateDate, CheckNumber, IsAuthorized, Number) VALUES ('23df2104-50d7-1d9c-eadb-93dede770727', 21, 'cde5137c-6254-425e-9bc4-e6216658f4d5', '12e83c52-5faa-79c9-ce7e-e08e331d25c7', N'Everyone understands what it takes to the feedback system.', N'This may be done through the referential arguments.', '1995-08-13 22:14:05.510', '5e306560-6b07-2cdf-5b76-66508ad02725', '1e3453a2-3ef5-5f70-8dc9-bcec0cd444f8', 9, NULL, '1997-07-26 14:41:13.290', N'91066', 0, N'80473')
INSERT dbo.Payment(Oid, Amount, Category, Project, Justification, Comment, Date, Payer, Payee, OptimisticLockField, GCRecord, CreateDate, CheckNumber, IsAuthorized, Number) VALUES ('4c411322-7cb4-657d-6fe3-2ceaa9cf3765', 5, 'a16b0742-af56-4167-b085-ea642223cf2f', '66af213e-6ed1-770c-5c32-9a0257d67b47', N'However, dimensions of the referential arguments cannot rely only on the entire picture.', N'It should rather be regarded as an integral part of the specific action result.', '2008-04-23 16:56:50.490', '1b3166b4-1301-5956-5a76-66508ad02725', '5ebb6116-1627-3f70-0602-eefebbd653b8', 5, NULL, '2011-12-26 02:14:55.300', N'73759', 0, N'94740')
INSERT dbo.Payment(Oid, Amount, Category, Project, Justification, Comment, Date, Payer, Payee, OptimisticLockField, GCRecord, CreateDate, CheckNumber, IsAuthorized, Number) VALUES ('3800012e-758c-1328-861b-27d9d367aeb0', 55, 'f601cfb6-93ed-4087-822a-6f2fed3eeb0a', '17907d4e-7c0c-5df6-b833-62dd4e858bad', N'In any case, we can slowly change the mechanism of the conceptual design.', N'By the way, the capacity of the essence has common features with the entire picture.  ', '2008-09-07 02:22:43.310', '1259a17c-69e8-7a1c-da4b-16e575b61049', NULL, 10, NULL, '2001-07-26 00:05:23.240', N'05933', 1, N'46957')
INSERT dbo.Payment(Oid, Amount, Category, Project, Justification, Comment, Date, Payer, Payee, OptimisticLockField, GCRecord, CreateDate, CheckNumber, IsAuthorized, Number) VALUES ('4782d29d-4baf-7371-d290-152dfadf6d0d', 64, '639d2087-d6b5-4fd0-aefd-a572a4256ca3', '4a084a3f-5d99-1372-b433-62dd4e858bad', N'This could effectively be a result of a strategic decisions.', N'The effective mechanism turns it into something briefly real.', '2006-11-16 03:31:39.860', '2f1172a9-1b5d-6fc4-777e-3e3b283cabde', NULL, 8, NULL, '1990-08-09 02:23:06.590', N'56631', 1, N'49100')
INSERT dbo.Payment(Oid, Amount, Category, Project, Justification, Comment, Date, Payer, Payee, OptimisticLockField, GCRecord, CreateDate, CheckNumber, IsAuthorized, Number) VALUES ('25a1ce30-4ae1-2133-9f66-a58ab8ff47ca', 32, '2450c83a-ce38-4748-b056-f92670410ec4', '39e40431-57bb-7682-b633-62dd4e858bad', N'This seems to be a methodically obvious step towards the strategic planning.', N'Therefore, the concept of the coherent software can be treated as the only solution.', '1992-09-10 11:50:20.870', '3f22df3a-3b15-3b5a-787e-3e3b283cabde', '1b3166b4-1301-5956-5a76-66508ad02725', 4, NULL, '2018-01-15 02:54:47.330', N'28477', 1, N'56780')
INSERT dbo.Payment(Oid, Amount, Category, Project, Justification, Comment, Date, Payer, Payee, OptimisticLockField, GCRecord, CreateDate, CheckNumber, IsAuthorized, Number) VALUES ('2ed98b4b-4f60-6e40-5798-ae38c5379e4b', 74, '052d72eb-46a2-47da-8773-e6737c247f55', '582165db-7775-1bec-2093-373516031d8e', N'It should rather be regarded as an integral part of the functional programming.', N'This could wholly be a result of a quality guidelines.', '2013-11-07 03:50:00.410', '66a18612-296a-25b0-d94b-16e575b61049', '2f1172a9-1b5d-6fc4-777e-3e3b283cabde', 5, NULL, '2010-08-04 13:06:41.650', N'25813', 0, N'42388')
INSERT dbo.Payment(Oid, Amount, Category, Project, Justification, Comment, Date, Payer, Payee, OptimisticLockField, GCRecord, CreateDate, CheckNumber, IsAuthorized, Number) VALUES ('3d5b1131-38b5-2128-ebdb-93dede770727', 18, 'e33864db-6b91-4017-a13c-53ed08e4ea5f', '42b2fa47-5255-25d8-767d-18b43b6e1561', N'Such tendency may comprehensively originate from the principles of effective management.', N'The skill is quite a unconventional matter.', '2016-11-14 23:01:20.430', '5e306560-6b07-2cdf-5b76-66508ad02725', '336d8f99-255d-646e-f0b6-6f4dd73eba9e', 0, NULL, '2000-11-25 04:26:30.890', N'54518', 1, N'32802')
INSERT dbo.Payment(Oid, Amount, Category, Project, Justification, Comment, Date, Payer, Payee, OptimisticLockField, GCRecord, CreateDate, CheckNumber, IsAuthorized, Number) VALUES ('193ee03f-15cd-70e7-bd7b-a3ff9b28ff75', 9, '9e85d735-6c53-4220-ad79-edf820cc7fed', '169b892d-4fb7-2a17-2193-373516031d8e', N'The estimation is quite a proposed matter.', N'It should rather be regarded as an integral part of the linguistic approach.', '1997-01-27 06:11:18.640', '26c1e1f8-3a26-53fe-5876-66508ad02725', '202cad24-4598-16cf-1a02-ce5da15ac776', 5, NULL, '2011-11-02 09:40:11.680', N'96555', 1, N'78560')
INSERT dbo.Payment(Oid, Amount, Category, Project, Justification, Comment, Date, Payer, Payee, OptimisticLockField, GCRecord, CreateDate, CheckNumber, IsAuthorized, Number) VALUES ('3a0a7c7d-432b-6cf9-871b-27d9d367aeb0', 43, '700ab7dd-72ae-4f01-a7e2-1dbc341ed4c2', '495ff429-25fd-4337-1f93-373516031d8e', N'The structured technology analysis turns it into something generally real.', N'This may be done through the participant evaluation sample.', '2018-06-27 17:09:31.450', '61e25755-3de1-1adf-8fc9-bcec0cd444f8', '36ce1756-1d21-7373-f1b6-6f4dd73eba9e', 2, NULL, '2009-09-26 13:14:35.860', N'07607', 1, N'93799')
INSERT dbo.Payment(Oid, Amount, Category, Project, Justification, Comment, Date, Payer, Payee, OptimisticLockField, GCRecord, CreateDate, CheckNumber, IsAuthorized, Number) VALUES ('6123f364-3fd4-3ffe-3e6b-1629b83affd2', 5, '48a33b35-5606-40c3-8b34-0ad2d2036874', '169b892d-4fb7-2a17-2193-373516031d8e', N'This could consistently be a result of a basics of planning and scheduling.', N'Such tendency may deeply originate from the ability bias.', '2004-09-06 06:30:48.080', '3a6dba26-6960-6953-d74b-16e575b61049', '5ebb6116-1627-3f70-0602-eefebbd653b8', 1, NULL, '2008-02-23 09:53:40.090', N'86989', 0, N'67709')
INSERT dbo.Payment(Oid, Amount, Category, Project, Justification, Comment, Date, Payer, Payee, OptimisticLockField, GCRecord, CreateDate, CheckNumber, IsAuthorized, Number) VALUES ('4520aa7f-492a-3c02-a066-a58ab8ff47ca', 50, '3498d54b-e9b1-4e48-bf1f-27d107f281f1', '5a851e09-4a52-7284-0648-b983316b8374', N'This may be done through the internal network.', N'The customization is quite a unlimited matter.', '2002-04-07 12:21:51.760', '14735d5d-67ff-5dad-412b-e89ea5388e0b', '336d8f99-255d-646e-f0b6-6f4dd73eba9e', 0, NULL, '1999-03-06 00:35:40.320', N'57077', 0, N'00541')
INSERT dbo.Payment(Oid, Amount, Category, Project, Justification, Comment, Date, Payer, Payee, OptimisticLockField, GCRecord, CreateDate, CheckNumber, IsAuthorized, Number) VALUES ('75c44418-37aa-50bc-70e3-2ceaa9cf3765', NULL, NULL, '5f4ef1d4-6cef-1cfb-0848-b983316b8374', NULL, N'Therefore, the concept of the continuing support can be treated as the only solution.', NULL, NULL, '1a591774-4565-7236-90c9-bcec0cd444f8', NULL, NULL, '1996-08-10 08:36:29.080', N'49037', NULL, N'04826')
INSERT dbo.Payment(Oid, Amount, Category, Project, Justification, Comment, Date, Payer, Payee, OptimisticLockField, GCRecord, CreateDate, CheckNumber, IsAuthorized, Number) VALUES ('45e44dc8-211f-27ef-881b-27d9d367aeb0', 9, '69d0c922-3eea-47fb-9c22-f9c50b2846df', '5c549d77-1e58-4d4e-1fbe-eaf7cc272319', N'The utility is quite a promising matter.', N'Thus a complete understanding is missing.', '1997-09-04 03:15:49.870', '51d8cc33-7be1-161f-f396-94965a4eaa62', '7a311573-456f-56e3-0902-eefebbd653b8', 3, NULL, '2006-11-02 16:58:45.620', N'92422', 0, N'64495')
INSERT dbo.Payment(Oid, Amount, Category, Project, Justification, Comment, Date, Payer, Payee, OptimisticLockField, GCRecord, CreateDate, CheckNumber, IsAuthorized, Number) VALUES ('42057b24-694d-4ae8-a166-a58ab8ff47ca', 51, 'a9beeccc-6ff2-440f-a768-0f5d95f56f68', '582165db-7775-1bec-2093-373516031d8e', N'Such tendency may habitually originate from the formal review of opportunities.', N'In any case, we can steadily change the mechanism of the conceptual design.', '2000-01-14 12:42:15.940', '51d8cc33-7be1-161f-f396-94965a4eaa62', '336d8f99-255d-646e-f0b6-6f4dd73eba9e', 1, NULL, '1998-01-24 06:59:46.390', N'90287', 0, N'43231')
INSERT dbo.Payment(Oid, Amount, Category, Project, Justification, Comment, Date, Payer, Payee, OptimisticLockField, GCRecord, CreateDate, CheckNumber, IsAuthorized, Number) VALUES ('7202aaab-47c8-2e5d-5898-ae38c5379e4b', 37, 'ba43961f-6903-4c1f-9f7c-2f9afd9c05a0', '39e40431-57bb-7682-b633-62dd4e858bad', N'It may reveal how the strategic decisions rapidly the overall scores.', N'This can eventually cause certain issues.', '2008-03-28 11:43:43.010', NULL, '7959e1dd-2e0b-4306-7a7e-3e3b283cabde', 3, NULL, '2003-01-29 18:17:25.500', N'88184', 0, N'57014')
INSERT dbo.Payment(Oid, Amount, Category, Project, Justification, Comment, Date, Payer, Payee, OptimisticLockField, GCRecord, CreateDate, CheckNumber, IsAuthorized, Number) VALUES ('7d765e2c-410d-67ac-71e3-2ceaa9cf3765', 74, '06897bea-4012-442a-a92b-5327ff546f37', '1c88c2a4-1aa1-1a3e-465f-1885b89fc8fc', N'The the condition of the permanent growth gives less satisfactory results.', N'The real reason of the critical acclaim of the fully the effective time management.', '2001-08-05 00:29:54.870', '1257615f-5ea8-6cd9-0b02-eefebbd653b8', '7a311573-456f-56e3-0902-eefebbd653b8', 7, NULL, '2006-01-24 15:59:52.340', N'87437', 0, N'23395')
INSERT dbo.Payment(Oid, Amount, Category, Project, Justification, Comment, Date, Payer, Payee, OptimisticLockField, GCRecord, CreateDate, CheckNumber, IsAuthorized, Number) VALUES ('7c3b7b80-7de9-412e-54b6-94da9cd298ec', NULL, NULL, '1752b8ca-19e4-4cd1-757d-18b43b6e1561', NULL, N'This seems to be a habitually obvious step towards the principles of effective management.', NULL, '5e306560-6b07-2cdf-5b76-66508ad02725', '336d8f99-255d-646e-f0b6-6f4dd73eba9e', NULL, NULL, '2005-10-12 16:37:57.970', N'19425', NULL, N'67824')
INSERT dbo.Payment(Oid, Amount, Category, Project, Justification, Comment, Date, Payer, Payee, OptimisticLockField, GCRecord, CreateDate, CheckNumber, IsAuthorized, Number) VALUES ('4ba825b4-6631-78d1-5998-ae38c5379e4b', 83, 'f1362210-ec04-4e4d-8675-353430c3af7f', '1897a8f1-37fc-5c9c-3809-69a9b1bfbc32', N'Therefore, the concept of the development sequence can be treated as the only solution.', N'In any case, we can entirely change the mechanism of the conceptual design.', '1991-09-18 19:32:34.630', '1259a17c-69e8-7a1c-da4b-16e575b61049', '5984fdaa-1e0e-68c7-3e2b-e89ea5388e0b', 5, NULL, '1990-02-28 04:29:06.060', N'89303', 1, N'91575')
INSERT dbo.Payment(Oid, Amount, Category, Project, Justification, Comment, Date, Payer, Payee, OptimisticLockField, GCRecord, CreateDate, CheckNumber, IsAuthorized, Number) VALUES ('357ec50e-37ed-43fc-d6c6-21b180c0988f', 6, '494a13dc-f5b2-4559-b753-28c84173b0e7', '4a084a3f-5d99-1372-b433-62dd4e858bad', N'It should rather be regarded as an integral part of the integration prospects.', N'Thus a complete understanding is missing.', '1995-04-12 13:55:05.190', '751604f5-1e51-6d47-3f2b-e89ea5388e0b', '36460dcf-323b-1391-8ec9-bcec0cd444f8', 5, NULL, '2008-07-17 19:48:03.030', N'45302', 1, N'19834')
INSERT dbo.Payment(Oid, Amount, Category, Project, Justification, Comment, Date, Payer, Payee, OptimisticLockField, GCRecord, CreateDate, CheckNumber, IsAuthorized, Number) VALUES ('399fc05a-6ef7-1a2d-3f6b-1629b83affd2', 51, 'c7554c3e-056a-4577-971d-365aadc15a05', '4a084a3f-5d99-1372-b433-62dd4e858bad', N'This could wholly be a result of a continuing support.', N'The commitment to quality assurance turns it into something completely real.', '2005-02-03 03:58:13.940', '1259a17c-69e8-7a1c-da4b-16e575b61049', '6c4c1f9b-1644-2620-5976-66508ad02725', 6, NULL, '1999-04-13 15:53:03.000', N'23214', 0, N'64092')
INSERT dbo.Payment(Oid, Amount, Category, Project, Justification, Comment, Date, Payer, Payee, OptimisticLockField, GCRecord, CreateDate, CheckNumber, IsAuthorized, Number) VALUES ('54878d33-29de-72c5-891b-27d9d367aeb0', 86, 'e0d56999-c9a7-4a1b-a995-77fc9e94aa04', '42b2fa47-5255-25d8-767d-18b43b6e1561', N'This could objectively be a result of a effective mechanism.', N'This could inevitably be a result of a project architecture.', '2010-01-11 18:48:11.420', '669afd3f-720a-6e34-1902-ce5da15ac776', NULL, 8, NULL, '2001-02-13 02:07:20.320', N'51343', 1, N'83794')
GO

--
-- Inserting data into table dbo.Supplier
--
INSERT dbo.Supplier(Oid, Contact, ProfitByMaterialAsPayer, ProfitByMaterialAsPayee, CostByMaterialAsPayer) VALUES ('202cad24-4598-16cf-1a02-ce5da15ac776', N'Ambrose Handy', 0, 1, 0)
INSERT dbo.Supplier(Oid, Contact, ProfitByMaterialAsPayer, ProfitByMaterialAsPayee, CostByMaterialAsPayer) VALUES ('36a4260a-7f6c-2ec6-f2b6-6f4dd73eba9e', NULL, NULL, 1, NULL)
INSERT dbo.Supplier(Oid, Contact, ProfitByMaterialAsPayer, ProfitByMaterialAsPayee, CostByMaterialAsPayer) VALUES ('36ce1756-1d21-7373-f1b6-6f4dd73eba9e', N'Roxann Perrin', 1, 0, 0)
INSERT dbo.Supplier(Oid, Contact, ProfitByMaterialAsPayer, ProfitByMaterialAsPayee, CostByMaterialAsPayer) VALUES ('2f1172a9-1b5d-6fc4-777e-3e3b283cabde', N'Dave Tabor', 1, 1, 0)
INSERT dbo.Supplier(Oid, Contact, ProfitByMaterialAsPayer, ProfitByMaterialAsPayee, CostByMaterialAsPayer) VALUES ('3a6dba26-6960-6953-d74b-16e575b61049', N'Leonardo Adair', 0, NULL, 1)
INSERT dbo.Supplier(Oid, Contact, ProfitByMaterialAsPayer, ProfitByMaterialAsPayee, CostByMaterialAsPayer) VALUES ('1257615f-5ea8-6cd9-0b02-eefebbd653b8', N'Aurelio Sample', 1, 0, 1)
INSERT dbo.Supplier(Oid, Contact, ProfitByMaterialAsPayer, ProfitByMaterialAsPayee, CostByMaterialAsPayer) VALUES ('2dc6dc0b-307b-3bde-5c76-66508ad02725', N'Manual Nadeau', 1, NULL, 1)
INSERT dbo.Supplier(Oid, Contact, ProfitByMaterialAsPayer, ProfitByMaterialAsPayee, CostByMaterialAsPayer) VALUES ('5f00c41b-39dc-51ee-0802-eefebbd653b8', N'Katina Abel', 1, 1, 1)
INSERT dbo.Supplier(Oid, Contact, ProfitByMaterialAsPayer, ProfitByMaterialAsPayee, CostByMaterialAsPayer) VALUES ('284445b2-65be-4f66-422b-e89ea5388e0b', N'Frances Abney', 0, 0, 0)
INSERT dbo.Supplier(Oid, Contact, ProfitByMaterialAsPayer, ProfitByMaterialAsPayee, CostByMaterialAsPayer) VALUES ('26c1e1f8-3a26-53fe-5876-66508ad02725', N'Abraham Pfeiffer', 1, 1, 1)
INSERT dbo.Supplier(Oid, Contact, ProfitByMaterialAsPayer, ProfitByMaterialAsPayee, CostByMaterialAsPayer) VALUES ('58fc185f-1925-3117-334d-4c0f86f26090', N'Beatrice Medlock', 1, 1, 1)
INSERT dbo.Supplier(Oid, Contact, ProfitByMaterialAsPayer, ProfitByMaterialAsPayee, CostByMaterialAsPayer) VALUES ('36460dcf-323b-1391-8ec9-bcec0cd444f8', N'Demetrius Brinkley', 0, 0, 1)
INSERT dbo.Supplier(Oid, Contact, ProfitByMaterialAsPayer, ProfitByMaterialAsPayee, CostByMaterialAsPayer) VALUES ('336d8f99-255d-646e-f0b6-6f4dd73eba9e', N'Dawn Rivers', 0, 1, 0)
INSERT dbo.Supplier(Oid, Contact, ProfitByMaterialAsPayer, ProfitByMaterialAsPayee, CostByMaterialAsPayer) VALUES ('481c748b-2a85-2a28-efb6-6f4dd73eba9e', N'Larita Hammett', 0, 0, 1)
INSERT dbo.Supplier(Oid, Contact, ProfitByMaterialAsPayer, ProfitByMaterialAsPayee, CostByMaterialAsPayer) VALUES ('37e456ed-14a3-6717-f3b6-6f4dd73eba9e', N'Elvin Lytle', 1, 0, NULL)
INSERT dbo.Supplier(Oid, Contact, ProfitByMaterialAsPayer, ProfitByMaterialAsPayee, CostByMaterialAsPayer) VALUES ('51d8cc33-7be1-161f-f396-94965a4eaa62', N'Scottie Hodge', 1, 0, 0)
INSERT dbo.Supplier(Oid, Contact, ProfitByMaterialAsPayer, ProfitByMaterialAsPayee, CostByMaterialAsPayer) VALUES ('1b3166b4-1301-5956-5a76-66508ad02725', N'Adan Cline', 0, 1, 0)
INSERT dbo.Supplier(Oid, Contact, ProfitByMaterialAsPayer, ProfitByMaterialAsPayee, CostByMaterialAsPayer) VALUES ('5e306560-6b07-2cdf-5b76-66508ad02725', N'Sadie Obrien', 1, NULL, 0)
INSERT dbo.Supplier(Oid, Contact, ProfitByMaterialAsPayer, ProfitByMaterialAsPayee, CostByMaterialAsPayer) VALUES ('69619ef2-1249-20fa-797e-3e3b283cabde', N'Dewitt Alvarado', 1, 1, NULL)
INSERT dbo.Supplier(Oid, Contact, ProfitByMaterialAsPayer, ProfitByMaterialAsPayee, CostByMaterialAsPayer) VALUES ('1a591774-4565-7236-90c9-bcec0cd444f8', N'Karan Ackerman', 1, 0, 1)
INSERT dbo.Supplier(Oid, Contact, ProfitByMaterialAsPayer, ProfitByMaterialAsPayee, CostByMaterialAsPayer) VALUES ('66a18612-296a-25b0-d94b-16e575b61049', N'Shonda Alicea', 0, 1, 0)
INSERT dbo.Supplier(Oid, Contact, ProfitByMaterialAsPayer, ProfitByMaterialAsPayee, CostByMaterialAsPayer) VALUES ('61e25755-3de1-1adf-8fc9-bcec0cd444f8', NULL, NULL, 1, 1)
INSERT dbo.Supplier(Oid, Contact, ProfitByMaterialAsPayer, ProfitByMaterialAsPayee, CostByMaterialAsPayer) VALUES ('2f8a5a0d-54fa-587b-5676-66508ad02725', NULL, NULL, 1, 0)
INSERT dbo.Supplier(Oid, Contact, ProfitByMaterialAsPayer, ProfitByMaterialAsPayee, CostByMaterialAsPayer) VALUES ('5aa02579-73ed-23cd-314d-4c0f86f26090', N'Arron Elam', 1, 1, 1)
INSERT dbo.Supplier(Oid, Contact, ProfitByMaterialAsPayer, ProfitByMaterialAsPayee, CostByMaterialAsPayer) VALUES ('7a311573-456f-56e3-0902-eefebbd653b8', N'Russell Simmons', 0, 1, NULL)
INSERT dbo.Supplier(Oid, Contact, ProfitByMaterialAsPayer, ProfitByMaterialAsPayee, CostByMaterialAsPayer) VALUES ('751604f5-1e51-6d47-3f2b-e89ea5388e0b', N'Louis Streeter', 1, 1, NULL)
INSERT dbo.Supplier(Oid, Contact, ProfitByMaterialAsPayer, ProfitByMaterialAsPayee, CostByMaterialAsPayer) VALUES ('6f0fc907-5bf7-6e28-ef96-94965a4eaa62', N'Colby Merrill', 0, 1, 1)
INSERT dbo.Supplier(Oid, Contact, ProfitByMaterialAsPayer, ProfitByMaterialAsPayee, CostByMaterialAsPayer) VALUES ('3f22df3a-3b15-3b5a-787e-3e3b283cabde', N'Bennett Gay', 1, 1, 0)
INSERT dbo.Supplier(Oid, Contact, ProfitByMaterialAsPayer, ProfitByMaterialAsPayee, CostByMaterialAsPayer) VALUES ('66b0e9ee-53c2-4a98-432b-e89ea5388e0b', N'Wally Weaver', 0, 1, 1)
INSERT dbo.Supplier(Oid, Contact, ProfitByMaterialAsPayer, ProfitByMaterialAsPayee, CostByMaterialAsPayer) VALUES ('1259a17c-69e8-7a1c-da4b-16e575b61049', N'Leigh Simons', 1, 1, 1)
INSERT dbo.Supplier(Oid, Contact, ProfitByMaterialAsPayer, ProfitByMaterialAsPayee, CostByMaterialAsPayer) VALUES ('4f7021f5-7800-11be-0a02-eefebbd653b8', N'Burl Jay', 1, 0, 0)
INSERT dbo.Supplier(Oid, Contact, ProfitByMaterialAsPayer, ProfitByMaterialAsPayee, CostByMaterialAsPayer) VALUES ('5f0a8444-3de1-3f02-eeb6-6f4dd73eba9e', N'Alena Abraham', 1, 0, 1)
INSERT dbo.Supplier(Oid, Contact, ProfitByMaterialAsPayer, ProfitByMaterialAsPayee, CostByMaterialAsPayer) VALUES ('49bdab11-1115-7150-d84b-16e575b61049', N'Savanna Obryan', 1, 1, 1)
INSERT dbo.Supplier(Oid, Contact, ProfitByMaterialAsPayer, ProfitByMaterialAsPayee, CostByMaterialAsPayer) VALUES ('1e3453a2-3ef5-5f70-8dc9-bcec0cd444f8', N'Carrol Norris', 1, 0, 1)
INSERT dbo.Supplier(Oid, Contact, ProfitByMaterialAsPayer, ProfitByMaterialAsPayee, CostByMaterialAsPayer) VALUES ('1a361dba-2edd-6ebd-324d-4c0f86f26090', N'Lasonya Villasenor', 1, 1, 0)
INSERT dbo.Supplier(Oid, Contact, ProfitByMaterialAsPayer, ProfitByMaterialAsPayee, CostByMaterialAsPayer) VALUES ('5984fdaa-1e0e-68c7-3e2b-e89ea5388e0b', N'Ching Griswold', 1, 0, 1)
INSERT dbo.Supplier(Oid, Contact, ProfitByMaterialAsPayer, ProfitByMaterialAsPayee, CostByMaterialAsPayer) VALUES ('669afd3f-720a-6e34-1902-ce5da15ac776', N'Rickie Borges', 0, 0, 0)
INSERT dbo.Supplier(Oid, Contact, ProfitByMaterialAsPayer, ProfitByMaterialAsPayee, CostByMaterialAsPayer) VALUES ('397bc919-4888-5ab2-402b-e89ea5388e0b', N'Megan Keen', 1, 0, 1)
INSERT dbo.Supplier(Oid, Contact, ProfitByMaterialAsPayer, ProfitByMaterialAsPayee, CostByMaterialAsPayer) VALUES ('7959e1dd-2e0b-4306-7a7e-3e3b283cabde', N'Angie Byers', 0, 0, 0)
INSERT dbo.Supplier(Oid, Contact, ProfitByMaterialAsPayer, ProfitByMaterialAsPayee, CostByMaterialAsPayer) VALUES ('499200b3-46a5-60a7-f196-94965a4eaa62', N'Wilburn Kinney', 0, 0, 1)
INSERT dbo.Supplier(Oid, Contact, ProfitByMaterialAsPayer, ProfitByMaterialAsPayee, CostByMaterialAsPayer) VALUES ('43624c49-472d-4810-f296-94965a4eaa62', N'Emerson Mace', 1, 1, 0)
INSERT dbo.Supplier(Oid, Contact, ProfitByMaterialAsPayer, ProfitByMaterialAsPayee, CostByMaterialAsPayer) VALUES ('4abdf3c0-7507-7423-304d-4c0f86f26090', N'Reuben Elam', 0, NULL, 1)
INSERT dbo.Supplier(Oid, Contact, ProfitByMaterialAsPayer, ProfitByMaterialAsPayee, CostByMaterialAsPayer) VALUES ('7e919581-5fd4-1caf-5776-66508ad02725', N'Otto Tirado', 1, 0, 0)
INSERT dbo.Supplier(Oid, Contact, ProfitByMaterialAsPayer, ProfitByMaterialAsPayee, CostByMaterialAsPayer) VALUES ('24fee4c1-709c-79d6-1802-ce5da15ac776', N'Wilmer Pinto', 0, 0, 0)
INSERT dbo.Supplier(Oid, Contact, ProfitByMaterialAsPayer, ProfitByMaterialAsPayee, CostByMaterialAsPayer) VALUES ('699acaa2-66da-563a-1702-ce5da15ac776', NULL, NULL, 1, 1)
INSERT dbo.Supplier(Oid, Contact, ProfitByMaterialAsPayer, ProfitByMaterialAsPayee, CostByMaterialAsPayer) VALUES ('14735d5d-67ff-5dad-412b-e89ea5388e0b', N'Cheryll Sorensen', 0, 0, 1)
INSERT dbo.Supplier(Oid, Contact, ProfitByMaterialAsPayer, ProfitByMaterialAsPayee, CostByMaterialAsPayer) VALUES ('244bd1b5-7428-4b87-0702-eefebbd653b8', N'Adam Faulk', 1, NULL, 1)
INSERT dbo.Supplier(Oid, Contact, ProfitByMaterialAsPayer, ProfitByMaterialAsPayee, CostByMaterialAsPayer) VALUES ('5ebb6116-1627-3f70-0602-eefebbd653b8', N'Andria Carnes', 1, 0, 0)
INSERT dbo.Supplier(Oid, Contact, ProfitByMaterialAsPayer, ProfitByMaterialAsPayee, CostByMaterialAsPayer) VALUES ('228bfc03-38db-4741-f096-94965a4eaa62', N'Adrian Briscoe', 1, 1, 1)
INSERT dbo.Supplier(Oid, Contact, ProfitByMaterialAsPayer, ProfitByMaterialAsPayee, CostByMaterialAsPayer) VALUES ('6c4c1f9b-1644-2620-5976-66508ad02725', NULL, NULL, 0, 1)
GO

--
-- Enabling DML triggers for dbo.PaymentParticipant
--
ENABLE TRIGGER ALL ON dbo.PaymentParticipant
GO

--
-- Enabling DML triggers for dbo.Project
--
ENABLE TRIGGER ALL ON dbo.Project
GO

--
-- Enabling DML triggers for dbo.Payment
--
ENABLE TRIGGER ALL ON dbo.Payment
GO

--
-- Set NOEXEC to off
--

SET NOEXEC OFF
GO